chave_curva,chave_familia,veiculo,categoria,modo_pandemia,fonte_ajuste,data_base_modelo,valor_fipe_atual,preco_zero_km_base,data_preco_zero_km_base,preco_zero_km_corrigido_atual,ratio_atual_ajustado,taxa_mensal_curva_percentual,taxa_mensal_cauda_percentual,taxa_mensal_hibrida_percentual,depreciacao_media_anual_principal_percentual,observacoes_total,observacoes_utilizadas,status,codigo_fipe,marca,modelo,ano_modelo,combustivel,data_coleta,janela_historica_meses,versao_curva,family_id,family_nome,modelo_base_curva,ano_base_curva,valor_1ano,valor_2ano,valor_3ano,valor_4ano,valor_5ano,valor_6ano,valor_7ano,valor_8ano,valor_9ano,valor_10ano,valor_11ano,valor_12ano,valor_13ano,valor_14ano,valor_15ano,titulo,marca_id,modelo_id,ano_fipe_codigo,valor_futuro_base,depreciacao_percentual_base,periodo_inicial,periodo_final,origem_curva,confianca,tipo_match,codigo_ano_proxy,ano_modelo_proxy,nome_proxy
002111-3|32000|flex|excluir,toyota|corolla|flex|excluir,Toyota Corolla XEi 2.0 Flex 16V Aut. Zero km,Toyota,Excluir,curva histórica da família com coorte de ~7 anos,2026-01,103110.000000,105037.000000,2018-04,157237.118819,0.65576119,0.35070764,0.35070764,0.35070764,4.12825601,37,37,OK,002111-3,Toyota,Corolla XEi 2.0 Flex 16V Aut.,32000,Flex,2026-03-25 01:27:19,93,V18.8,,,,,98853.355228,94772.435650,90859.986879,87109.054010,83512.969253,80065.340080,76760.037866,73591.186990,70553.154390,67640.539554,64848.164914,62171.066649,59604.485853,57143.860084,54784.815246,,,,,,,,,,,,,,
002203-9|32000|flex|excluir,toyota|corolla|cross|flex|excluir,Toyota Corolla Cross XRE 2.0 16V Flex Aut. Zero km,Toyota,Excluir,curva própria do modelo,2026-03,113868.000000,123298.000000,2021-02,164027.526102,0.69420056,0.88505012,0.88505012,0.88505012,10.11856685,32,32,OK,002203-9,Toyota,Corolla Cross XRE 2.0 16V Flex Aut.,32000,Flex,2026-03-25 02:19:55,61,V18.9,,,,,102346.190295,91990.222608,82682.130435,74315.883791,66796.181406,60037.365135,53962.444207,48502.218214,43594.488838,39183.351341,35218.557740,31654.944430,28451.917715,25572.991400,22985.371169,,,,,,,,,,,,,,
002203-9|32000|flex|peso reduzido,toyota|corolla|cross|flex|peso reduzido,Toyota Corolla Cross XRE 2.0 16V Flex Aut. Zero km,Toyota,Peso reduzido,curva própria do modelo,2026-03,113868.000000,123298.000000,2021-02,164027.526102,0.69420056,0.87608334,0.87608334,0.87608334,10.02094104,32,32,OK,002203-9,Toyota,Corolla Cross XRE 2.0 16V Flex Aut.,32000,Flex,2026-03-30 17:23:01,61,V18.13,,,Corolla Cross XRE 2.0 16V Flex Aut.,2022,102457.354859,92190.163739,82951.841788,74639.286632,67159.727728,60429.691011,54374.067305,48925.274080,44022.501212,39611.032322,35641.634128,32070.006987,28856.290496,25964.618640,23362.719515,,,,,,,,,,,,,,
002223-3|32000|flex|excluir,toyota|yaris|cross|flex|excluir,Toyota YARIS Cross XRE 1.5 16V 5p Aut. Zero km,Toyota,Excluir,curva transferida de modelo similar escolhido manualmente na segunda janela: Corolla Cross XRE 2.0 16V Flex Aut.,2026-04,114904.000000,123298.000000,2021-02,164027.526102,0.70051657,0.51394138,0.51394138,0.51394138,5.99591920,32,32,OK,002223-3,Toyota,YARIS Cross XRE 1.5 16V 5p Aut.,32000,Flex,2026-04-02 12:07:03,62,V19.17,,,Corolla Cross XRE 2.0 16V Flex Aut.,2022,108014.449007,101537.989924,95449.854094,89726.757970,84346.814064,79289.447248,74535.316060,70066.238736,65865.123677,61915.904083,58203.476504,54713.643084,51433.057255,48349.172702,45450.195374,,,,,,,,,,,,,,
095010-6|32000|eletrico|excluir,byd|dolphin|base|eletrico|excluir,BYD Dolphin Mini (Elétrico) Zero km,BYD,Excluir,curva própria do modelo,2023-09,141975.000000,149802.000000,2023-07,150537.087814,0.94312307,2.88547651,2.88547651,2.88547651,29.62632957,3,3,OK,095010-6,BYD,Dolphin Mini (Elétrico),32000,Elétrico,2026-04-02 14:43:08,2,V19.17,,,Dolphin Mini (Elétrico),2024,99913.018593,70312.458421,49481.457760,34821.918008,24505.461816,17245.392936,12136.215989,8540.700643,6010.404523,4229.742270,2976.624885,2094.760187,1474.159630,1037.420240,730.070700,,,,,,,,,,,,,,
002205-5|32000|diesel|excluir,toyota|hilux|sw4|diesel|excluir,Toyota Hilux SW4 Diamond 2.8 TB 4x4 Die. Aut. Zero km,Toyota,Excluir,curva própria do modelo,2026-04,332738.000000,413395.000000,2021-11,508925.688350,0.65380469,0.85185897,0.85185897,0.85185897,9.75671209,27,27,OK,002205-5,Toyota,Hilux SW4 Diamond 2.8 TB 4x4 Die. Aut.,32000,Diesel,2026-04-02 14:45:37,53,V19.17,,,Hilux SW4 Diamond 2.8 TB 4x4 Die. Aut.,2022,300273.711333,270976.869842,244538.436827,220679.525601,199148.459651,179718.117816,162183.538490,146359.757586,132079.857426,119193.206010,107563.868072,97069.171153,87598.411598,79051.686784,71338.841304,,,,,,,,,,,,,,
095001-7|32000|eletrico|excluir,byd|tan|base|eletrico|excluir,BYD TAN EV 4x4 (Elétrico) Zero km,BYD,Excluir,curva própria do modelo,2026-04,242497.000000,508790.000000,2022-03,606065.408140,0.40011688,1.87552162,1.87552162,1.87552162,20.32385135,26,26,OK,095001-7,BYD,TAN EV 4x4 (Elétrico),32000,Elétrico,2026-04-02 14:51:13,49,V19.17,,,TAN EV 4x4 (Elétrico),2022,193212.270183,153944.095594,122656.726438,97728.155682,77866.030591,62040.654278,49431.603924,39385.198221,31380.609079,25002.860736,19921.316486,15872.537736,12646.626760,10076.345136,8028.443729,,,,,,,,,,,,,,
095006-8|32000|eletrico|excluir,byd|yuan|base|eletrico|excluir,BYD Yuan Plus (Elétrico) Zero km,BYD,Excluir,curva própria do modelo,2026-04,159520.000000,269996.000000,2022-11,313868.356775,0.50823855,1.16419989,1.16419989,1.16419989,13.10968163,22,22,OK,095006-8,BYD,Yuan Plus (Elétrico),32000,Elétrico,2026-04-02 14:52:25,41,V19.17,,,Yuan Plus (Elétrico),2023,138607.435867,120436.442311,104647.608160,90928.639898,79008.184699,68650.463224,59650.606059,51830.601516,45035.774671,39131.727993,34001.683037,29544.170643,25671.023932,22305.634424,19381.436765,,,,,,,,,,,,,,
014110-0|32000|flex|excluir,honda|hrv|base|flex|excluir,Honda HR-V EXL 1.5 Flex Sensing 16V 5p Aut. Zero km,Honda,Excluir,curva própria do modelo,2025-08,142577.000000,151989.000000,2022-08,174233.277088,0.81831096,0.52478573,0.52478573,0.52478573,6.11880701,19,19,OK,014110-0,Honda,HR-V EXL 1.5 Flex Sensing 16V 5p Aut.,32000,Flex,2026-05-04 00:24:16,36,V19.17,,,HR-V EXL 1.5 Flex Sensing 16V 5p Aut.,2023,133852.988528,125662.782481,117973.719336,110755.135126,103978.242153,97616.014182,91643.078662,86035.615540,80771.262264,75829.024606,71189.192932,66833.263603,62743.865184,58904.689162,55300.424912,,,,,,,,,,,,,,
015200-5|32000|flex|excluir,hyundai|creta|base|flex|excluir,Hyundai Creta Comfort 1.0 TB 12V Flex Aut. Zero km,Hyundai,Excluir,curva própria do modelo,2025-11,80889.000000,83154.000000,2021-05,106905.124567,0.75664287,0.27602710,0.27602710,0.27602710,3.26249898,28,28,OK,015200-5,Hyundai,Creta Comfort 1.0 TB 12V Flex Aut.,32000,Flex,2026-05-04 17:04:52,54,V19.17,,,Creta Comfort 1.0 TB 12V Flex Aut.,2022,78249.997201,75697.091842,73227.474994,70838.429370,68527.326335,66291.623014,64128.859490,62036.656104,60012.710832,58054.796754,56160.759603,54328.515395,52556.048135,50841.407601,49182.707198,,,,,,,,,,,,,,
025266-2|32000|flex|excluir,renault|kwid|base|flex|excluir,Renault KWID Zen 1.0 Flex 12V 5p Mec. Zero km,Renault,Excluir,curva histórica da família com coorte de ~7 anos,2026-05,37254.000000,36966.000000,2018-05,56271.836408,0.66203633,0.53091546,0.53091546,0.53091546,6.18820377,44,44,OK,025266-2,Renault,KWID Zen 1.0 Flex 12V 5p Mec.,32000,Flex,2026-05-04 21:54:22,96,V19.17,,,KWID Zen 1.0 Flex 12V 5p Mec.,2019,34948.646568,32785.953104,30757.091519,28853.780023,27068.249320,25393.210896,23821.827262,22347.684050,20964.763824,19667.421519,18450.361399,17308.615440,16237.523047,15232.712034,14290.080774,,,,,,,,,,,,,,
002141-5|32000|diesel|excluir,toyota|hilux|base|diesel|excluir,Toyota Hilux CD SRX 4x4 2.8 TDI 16V Diesel Aut. Zero km,Toyota,Excluir,curva histórica da família com coorte de ~7 anos,2026-05,195577.000000,192041.000000,2018-09,282711.877412,0.69178912,0.41226842,0.41226842,0.41226842,4.83657132,42,42,OK,002141-5,Toyota,Hilux CD SRX 4x4 2.8 TDI 16V Diesel Aut.,32000,Diesel,2026-05-05 13:27:29,92,V19.17,,,Hilux CD SRX 4x4 2.8 TDI 16V Diesel Aut.,2019,186117.778913,177116.059800,168549.715251,160397.688066,152639.939490,145257.399956,138231.922212,131546.236709,125183.909154,119129.300109,113367.526548,107884.425275,102666.518105,97700.978737,92975.601221,,,,,,,,,,,,,,
017104-2|32000|diesel|excluir,jeep|commander|base|diesel|excluir,Jeep Commander Overl. 2.2 TD 4x4 Diesel Aut. Zero km,Jeep,Excluir,curva transferida de modelo similar escolhido manualmente na segunda janela: Commander Overland Hurric 2.0 4x4 TB Aut,2026-05,225266.000000,309790.000000,2024-04,336049.123874,0.67033652,1.33063718,1.33063718,1.33063718,14.84936644,26,26,OK,017104-2,Jeep,Commander Overl. 2.2 TD 4x4 Diesel Aut.,32000,Diesel,2026-05-05 13:30:28,25,V19.17,,,Commander Overland Hurric 2.0 4x4 TB Aut,2025,191815.426200,163332.050679,139078.275962,118426.033129,100840.517512,85866.339548,73115.732142,62258.509152,53013.514989,45141.343887,38438.140318,32730.320010,27870.074856,23731.545314,20207.561189,,,,,,,,,,,,,,
002213-6|32000|gasolina|excluir,toyota|corolla|gr|gasolina|excluir,Toyota Corolla GR Circuit 1.6 Turbo 4x4 Mec Zero km,Toyota,Excluir,curva transferida de modelo similar escolhido manualmente na segunda janela: Corolla GR Core 1.6 Turbo 4x4 Mec,2026-05,318603.000000,416995.000000,2023-07,479261.470834,0.66477908,0.38190616,0.38190616,0.38190616,4.48782633,35,35,OK,002213-6,Toyota,Corolla GR Circuit 1.6 Turbo 4x4 Mec,32000,Gasolina,2026-05-07 13:10:08,34,V19.17,,,Corolla GR Core 1.6 Turbo 4x4 Mec,2024,304304.650665,290647.986417,277604.209544,265145.814724,253246.531027,241881.266518,231026.055343,220658.007193,210755.259038,201296.929023,192263.072433,183634.639638,175393.435922,167522.083117,160003.982955,,,,,,,,,,,,,,
015251-0|32000|flex|excluir,hyundai|hb20|base|flex|excluir,Hyundai HB20 Limited 1.0 TB Flex 12V Aut. Zero km,Hyundai,Excluir,curva transferida de modelo similar escolhido manualmente na segunda janela: HB20 Comfort Plus 1.0 TB Flex 12V Aut.,2026-05,85394.000000,106390.000000,2023-08,119521.252303,0.71446708,0.43925625,0.43925625,0.43925625,5.14557689,31,31,OK,015251-0,Hyundai,HB20 Limited 1.0 TB Flex 12V Aut.,32000,Flex,2026-05-12 23:38:47,33,V19.17,,,HB20 Comfort Plus 1.0 TB Flex 12V Aut.,2024,80999.986073,76832.069510,72878.616299,69128.591063,65571.526259,62197.492959,58997.073136,55961.333377,53081.799941,50350.435111,47759.614760,45302.107061,42971.052310,40759.943774,38662.609528,,,,,,,,,,,,,,
,,,,,calculadora_depreciacao_v2_sob_demanda,,161896.0,,,,,,,0.71257,8.22,12,12,OK,001559-8,Fiat,PULSE ABARTH 1.3 Turbo 16V Flex Aut.,32000,,,11,,,,,,,,,,,,,,,,,,,,,Fiat PULSE ABARTH 1.3 Turbo 16V Flex Aut. Zero km,21,10219,32000-5,105412.54,34.89,2025-07,2026-06,cálculo sob demanda combustão,EXPLORATORIA,proxy_zero_km_ano_usado,2026-5,2026,2026 Flex
,,,,,calculadora_depreciacao_v2_sob_demanda,,143783.0,,,,,,,0.66996,7.75,48,48,OK,005485-2,VW - VolksWagen,VIRTUS Comfort. 200 TSI 1.0 Flex 12V Aut,32000,,,47,,,,,,,,,,,,,,,,,,,,,VW - VolksWagen VIRTUS Comfort. 200 TSI 1.0 Flex 12V Aut Zero km,59,8185,32000-5,96060.35,33.19,2022-06,2026-05,cálculo sob demanda combustão,ALTA,proxy_zero_km_ano_usado,2026-5,2026,2026 Flex
