chave_curva,chave_familia,codigo_fipe,marca,modelo,ano_modelo,combustivel,data_referencia,mes_referencia,preco_nominal,tipo,valor_fipe,codigo_marca,codigo_modelo,codigo_ano,origem
014110-0|32000|flex|excluir,honda|hrv|base|flex|excluir,014110-0,Honda,HR-V EXL 1.5 Flex Sensing 16V 5p Aut.,32000,Flex,2022-08,08/2022,151989.000000,zero_km,,,,,
014110-0|32000|flex|excluir,honda|hrv|base|flex|excluir,014110-0,Honda,HR-V EXL 1.5 Flex Sensing 16V 5p Aut.,32000,Flex,2022-10,outubro/2022,143936.000000,usado,,,,,
014110-0|32000|flex|excluir,honda|hrv|base|flex|excluir,014110-0,Honda,HR-V EXL 1.5 Flex Sensing 16V 5p Aut.,32000,Flex,2022-12,dezembro/2022,143417.000000,usado,,,,,
014110-0|32000|flex|excluir,honda|hrv|base|flex|excluir,014110-0,Honda,HR-V EXL 1.5 Flex Sensing 16V 5p Aut.,32000,Flex,2023-02,fevereiro/2023,138286.000000,usado,,,,,
014110-0|32000|flex|excluir,honda|hrv|base|flex|excluir,014110-0,Honda,HR-V EXL 1.5 Flex Sensing 16V 5p Aut.,32000,Flex,2023-04,abril/2023,142696.000000,usado,,,,,
014110-0|32000|flex|excluir,honda|hrv|base|flex|excluir,014110-0,Honda,HR-V EXL 1.5 Flex Sensing 16V 5p Aut.,32000,Flex,2023-06,junho/2023,147680.000000,usado,,,,,
014110-0|32000|flex|excluir,honda|hrv|base|flex|excluir,014110-0,Honda,HR-V EXL 1.5 Flex Sensing 16V 5p Aut.,32000,Flex,2023-08,agosto/2023,150530.000000,usado,,,,,
014110-0|32000|flex|excluir,honda|hrv|base|flex|excluir,014110-0,Honda,HR-V EXL 1.5 Flex Sensing 16V 5p Aut.,32000,Flex,2023-10,outubro/2023,149396.000000,usado,,,,,
014110-0|32000|flex|excluir,honda|hrv|base|flex|excluir,014110-0,Honda,HR-V EXL 1.5 Flex Sensing 16V 5p Aut.,32000,Flex,2023-12,dezembro/2023,150862.000000,usado,,,,,
014110-0|32000|flex|excluir,honda|hrv|base|flex|excluir,014110-0,Honda,HR-V EXL 1.5 Flex Sensing 16V 5p Aut.,32000,Flex,2024-02,fevereiro/2024,149341.000000,usado,,,,,
014110-0|32000|flex|excluir,honda|hrv|base|flex|excluir,014110-0,Honda,HR-V EXL 1.5 Flex Sensing 16V 5p Aut.,32000,Flex,2024-04,abril/2024,149170.000000,usado,,,,,
014110-0|32000|flex|excluir,honda|hrv|base|flex|excluir,014110-0,Honda,HR-V EXL 1.5 Flex Sensing 16V 5p Aut.,32000,Flex,2024-06,junho/2024,149358.000000,usado,,,,,
014110-0|32000|flex|excluir,honda|hrv|base|flex|excluir,014110-0,Honda,HR-V EXL 1.5 Flex Sensing 16V 5p Aut.,32000,Flex,2024-08,agosto/2024,149084.000000,usado,,,,,
014110-0|32000|flex|excluir,honda|hrv|base|flex|excluir,014110-0,Honda,HR-V EXL 1.5 Flex Sensing 16V 5p Aut.,32000,Flex,2024-10,outubro/2024,148078.000000,usado,,,,,
014110-0|32000|flex|excluir,honda|hrv|base|flex|excluir,014110-0,Honda,HR-V EXL 1.5 Flex Sensing 16V 5p Aut.,32000,Flex,2024-12,dezembro/2024,144715.000000,usado,,,,,
014110-0|32000|flex|excluir,honda|hrv|base|flex|excluir,014110-0,Honda,HR-V EXL 1.5 Flex Sensing 16V 5p Aut.,32000,Flex,2025-02,fevereiro/2025,145228.000000,usado,,,,,
014110-0|32000|flex|excluir,honda|hrv|base|flex|excluir,014110-0,Honda,HR-V EXL 1.5 Flex Sensing 16V 5p Aut.,32000,Flex,2025-04,abril/2025,144825.000000,usado,,,,,
014110-0|32000|flex|excluir,honda|hrv|base|flex|excluir,014110-0,Honda,HR-V EXL 1.5 Flex Sensing 16V 5p Aut.,32000,Flex,2025-06,junho/2025,143622.000000,usado,,,,,
014110-0|32000|flex|excluir,honda|hrv|base|flex|excluir,014110-0,Honda,HR-V EXL 1.5 Flex Sensing 16V 5p Aut.,32000,Flex,2025-08,agosto/2025,142577.000000,usado,,,,,
015200-5|32000|flex|excluir,hyundai|creta|base|flex|excluir,015200-5,Hyundai,Creta Comfort 1.0 TB 12V Flex Aut.,32000,Flex,2021-05,05/2021,83154.000000,zero_km,,,,,
015200-5|32000|flex|excluir,hyundai|creta|base|flex|excluir,015200-5,Hyundai,Creta Comfort 1.0 TB 12V Flex Aut.,32000,Flex,2021-07,julho/2021,78658.000000,usado,,,,,
015200-5|32000|flex|excluir,hyundai|creta|base|flex|excluir,015200-5,Hyundai,Creta Comfort 1.0 TB 12V Flex Aut.,32000,Flex,2021-09,setembro/2021,83590.000000,usado,,,,,
015200-5|32000|flex|excluir,hyundai|creta|base|flex|excluir,015200-5,Hyundai,Creta Comfort 1.0 TB 12V Flex Aut.,32000,Flex,2021-11,novembro/2021,86366.000000,usado,,,,,
015200-5|32000|flex|excluir,hyundai|creta|base|flex|excluir,015200-5,Hyundai,Creta Comfort 1.0 TB 12V Flex Aut.,32000,Flex,2022-01,janeiro/2022,89695.000000,usado,,,,,
015200-5|32000|flex|excluir,hyundai|creta|base|flex|excluir,015200-5,Hyundai,Creta Comfort 1.0 TB 12V Flex Aut.,32000,Flex,2022-03,março/2022,90535.000000,usado,,,,,
015200-5|32000|flex|excluir,hyundai|creta|base|flex|excluir,015200-5,Hyundai,Creta Comfort 1.0 TB 12V Flex Aut.,32000,Flex,2022-05,maio/2022,95920.000000,usado,,,,,
015200-5|32000|flex|excluir,hyundai|creta|base|flex|excluir,015200-5,Hyundai,Creta Comfort 1.0 TB 12V Flex Aut.,32000,Flex,2022-07,julho/2022,89973.000000,usado,,,,,
015200-5|32000|flex|excluir,hyundai|creta|base|flex|excluir,015200-5,Hyundai,Creta Comfort 1.0 TB 12V Flex Aut.,32000,Flex,2022-09,setembro/2022,90262.000000,usado,,,,,
015200-5|32000|flex|excluir,hyundai|creta|base|flex|excluir,015200-5,Hyundai,Creta Comfort 1.0 TB 12V Flex Aut.,32000,Flex,2022-11,novembro/2022,90364.000000,usado,,,,,
015200-5|32000|flex|excluir,hyundai|creta|base|flex|excluir,015200-5,Hyundai,Creta Comfort 1.0 TB 12V Flex Aut.,32000,Flex,2023-01,janeiro/2023,88976.000000,usado,,,,,
015200-5|32000|flex|excluir,hyundai|creta|base|flex|excluir,015200-5,Hyundai,Creta Comfort 1.0 TB 12V Flex Aut.,32000,Flex,2023-03,março/2023,88649.000000,usado,,,,,
015200-5|32000|flex|excluir,hyundai|creta|base|flex|excluir,015200-5,Hyundai,Creta Comfort 1.0 TB 12V Flex Aut.,32000,Flex,2023-05,maio/2023,88108.000000,usado,,,,,
015200-5|32000|flex|excluir,hyundai|creta|base|flex|excluir,015200-5,Hyundai,Creta Comfort 1.0 TB 12V Flex Aut.,32000,Flex,2023-07,julho/2023,85807.000000,usado,,,,,
015200-5|32000|flex|excluir,hyundai|creta|base|flex|excluir,015200-5,Hyundai,Creta Comfort 1.0 TB 12V Flex Aut.,32000,Flex,2023-09,setembro/2023,84693.000000,usado,,,,,
015200-5|32000|flex|excluir,hyundai|creta|base|flex|excluir,015200-5,Hyundai,Creta Comfort 1.0 TB 12V Flex Aut.,32000,Flex,2023-11,novembro/2023,82453.000000,usado,,,,,
015200-5|32000|flex|excluir,hyundai|creta|base|flex|excluir,015200-5,Hyundai,Creta Comfort 1.0 TB 12V Flex Aut.,32000,Flex,2024-01,janeiro/2024,80986.000000,usado,,,,,
015200-5|32000|flex|excluir,hyundai|creta|base|flex|excluir,015200-5,Hyundai,Creta Comfort 1.0 TB 12V Flex Aut.,32000,Flex,2024-03,março/2024,81259.000000,usado,,,,,
015200-5|32000|flex|excluir,hyundai|creta|base|flex|excluir,015200-5,Hyundai,Creta Comfort 1.0 TB 12V Flex Aut.,32000,Flex,2024-05,maio/2024,80989.000000,usado,,,,,
015200-5|32000|flex|excluir,hyundai|creta|base|flex|excluir,015200-5,Hyundai,Creta Comfort 1.0 TB 12V Flex Aut.,32000,Flex,2024-07,julho/2024,79972.000000,usado,,,,,
015200-5|32000|flex|excluir,hyundai|creta|base|flex|excluir,015200-5,Hyundai,Creta Comfort 1.0 TB 12V Flex Aut.,32000,Flex,2024-09,setembro/2024,79374.000000,usado,,,,,
015200-5|32000|flex|excluir,hyundai|creta|base|flex|excluir,015200-5,Hyundai,Creta Comfort 1.0 TB 12V Flex Aut.,32000,Flex,2024-11,novembro/2024,80788.000000,usado,,,,,
015200-5|32000|flex|excluir,hyundai|creta|base|flex|excluir,015200-5,Hyundai,Creta Comfort 1.0 TB 12V Flex Aut.,32000,Flex,2025-01,janeiro/2025,79854.000000,usado,,,,,
015200-5|32000|flex|excluir,hyundai|creta|base|flex|excluir,015200-5,Hyundai,Creta Comfort 1.0 TB 12V Flex Aut.,32000,Flex,2025-03,março/2025,81160.000000,usado,,,,,
015200-5|32000|flex|excluir,hyundai|creta|base|flex|excluir,015200-5,Hyundai,Creta Comfort 1.0 TB 12V Flex Aut.,32000,Flex,2025-05,maio/2025,80537.000000,usado,,,,,
015200-5|32000|flex|excluir,hyundai|creta|base|flex|excluir,015200-5,Hyundai,Creta Comfort 1.0 TB 12V Flex Aut.,32000,Flex,2025-07,julho/2025,80684.000000,usado,,,,,
015200-5|32000|flex|excluir,hyundai|creta|base|flex|excluir,015200-5,Hyundai,Creta Comfort 1.0 TB 12V Flex Aut.,32000,Flex,2025-09,setembro/2025,80690.000000,usado,,,,,
015200-5|32000|flex|excluir,hyundai|creta|base|flex|excluir,015200-5,Hyundai,Creta Comfort 1.0 TB 12V Flex Aut.,32000,Flex,2025-11,novembro/2025,80889.000000,usado,,,,,
025266-2|32000|flex|excluir,renault|kwid|base|flex|excluir,025266-2,Renault,KWID Zen 1.0 Flex 12V 5p Mec.,32000,Flex,2018-05,05/2018,36966.000000,zero_km,,,,,
025266-2|32000|flex|excluir,renault|kwid|base|flex|excluir,025266-2,Renault,KWID Zen 1.0 Flex 12V 5p Mec.,32000,Flex,2019-05,maio/2019,34201.000000,usado,,,,,
025266-2|32000|flex|excluir,renault|kwid|base|flex|excluir,025266-2,Renault,KWID Zen 1.0 Flex 12V 5p Mec.,32000,Flex,2019-07,julho/2019,34232.000000,usado,,,,,
025266-2|32000|flex|excluir,renault|kwid|base|flex|excluir,025266-2,Renault,KWID Zen 1.0 Flex 12V 5p Mec.,32000,Flex,2019-09,setembro/2019,34588.000000,usado,,,,,
025266-2|32000|flex|excluir,renault|kwid|base|flex|excluir,025266-2,Renault,KWID Zen 1.0 Flex 12V 5p Mec.,32000,Flex,2019-11,novembro/2019,34789.000000,usado,,,,,
025266-2|32000|flex|excluir,renault|kwid|base|flex|excluir,025266-2,Renault,KWID Zen 1.0 Flex 12V 5p Mec.,32000,Flex,2020-01,janeiro/2020,34436.000000,usado,,,,,
025266-2|32000|flex|excluir,renault|kwid|base|flex|excluir,025266-2,Renault,KWID Zen 1.0 Flex 12V 5p Mec.,32000,Flex,2020-03,março/2020,33928.000000,usado,,,,,
025266-2|32000|flex|excluir,renault|kwid|base|flex|excluir,025266-2,Renault,KWID Zen 1.0 Flex 12V 5p Mec.,32000,Flex,2020-05,maio/2020,33710.000000,usado,,,,,
025266-2|32000|flex|excluir,renault|kwid|base|flex|excluir,025266-2,Renault,KWID Zen 1.0 Flex 12V 5p Mec.,32000,Flex,2020-07,julho/2020,33406.000000,usado,,,,,
025266-2|32000|flex|excluir,renault|kwid|base|flex|excluir,025266-2,Renault,KWID Zen 1.0 Flex 12V 5p Mec.,32000,Flex,2020-09,setembro/2020,33240.000000,usado,,,,,
025266-2|32000|flex|excluir,renault|kwid|base|flex|excluir,025266-2,Renault,KWID Zen 1.0 Flex 12V 5p Mec.,32000,Flex,2020-11,novembro/2020,33672.000000,usado,,,,,
025266-2|32000|flex|excluir,renault|kwid|base|flex|excluir,025266-2,Renault,KWID Zen 1.0 Flex 12V 5p Mec.,32000,Flex,2021-01,janeiro/2021,34410.000000,usado,,,,,
025266-2|32000|flex|excluir,renault|kwid|base|flex|excluir,025266-2,Renault,KWID Zen 1.0 Flex 12V 5p Mec.,32000,Flex,2021-03,março/2021,35366.000000,usado,,,,,
025266-2|32000|flex|excluir,renault|kwid|base|flex|excluir,025266-2,Renault,KWID Zen 1.0 Flex 12V 5p Mec.,32000,Flex,2021-05,maio/2021,37621.000000,usado,,,,,
025266-2|32000|flex|excluir,renault|kwid|base|flex|excluir,025266-2,Renault,KWID Zen 1.0 Flex 12V 5p Mec.,32000,Flex,2021-07,julho/2021,39780.000000,usado,,,,,
025266-2|32000|flex|excluir,renault|kwid|base|flex|excluir,025266-2,Renault,KWID Zen 1.0 Flex 12V 5p Mec.,32000,Flex,2021-09,setembro/2021,41756.000000,usado,,,,,
025266-2|32000|flex|excluir,renault|kwid|base|flex|excluir,025266-2,Renault,KWID Zen 1.0 Flex 12V 5p Mec.,32000,Flex,2021-11,novembro/2021,43281.000000,usado,,,,,
025266-2|32000|flex|excluir,renault|kwid|base|flex|excluir,025266-2,Renault,KWID Zen 1.0 Flex 12V 5p Mec.,32000,Flex,2022-01,janeiro/2022,45071.000000,usado,,,,,
025266-2|32000|flex|excluir,renault|kwid|base|flex|excluir,025266-2,Renault,KWID Zen 1.0 Flex 12V 5p Mec.,32000,Flex,2022-03,março/2022,45865.000000,usado,,,,,
025266-2|32000|flex|excluir,renault|kwid|base|flex|excluir,025266-2,Renault,KWID Zen 1.0 Flex 12V 5p Mec.,32000,Flex,2022-05,maio/2022,46588.000000,usado,,,,,
025266-2|32000|flex|excluir,renault|kwid|base|flex|excluir,025266-2,Renault,KWID Zen 1.0 Flex 12V 5p Mec.,32000,Flex,2022-07,julho/2022,45609.000000,usado,,,,,
025266-2|32000|flex|excluir,renault|kwid|base|flex|excluir,025266-2,Renault,KWID Zen 1.0 Flex 12V 5p Mec.,32000,Flex,2022-09,setembro/2022,45555.000000,usado,,,,,
025266-2|32000|flex|excluir,renault|kwid|base|flex|excluir,025266-2,Renault,KWID Zen 1.0 Flex 12V 5p Mec.,32000,Flex,2022-11,novembro/2022,45897.000000,usado,,,,,
025266-2|32000|flex|excluir,renault|kwid|base|flex|excluir,025266-2,Renault,KWID Zen 1.0 Flex 12V 5p Mec.,32000,Flex,2023-01,janeiro/2023,45394.000000,usado,,,,,
025266-2|32000|flex|excluir,renault|kwid|base|flex|excluir,025266-2,Renault,KWID Zen 1.0 Flex 12V 5p Mec.,32000,Flex,2023-03,março/2023,44856.000000,usado,,,,,
025266-2|32000|flex|excluir,renault|kwid|base|flex|excluir,025266-2,Renault,KWID Zen 1.0 Flex 12V 5p Mec.,32000,Flex,2023-05,maio/2023,44562.000000,usado,,,,,
025266-2|32000|flex|excluir,renault|kwid|base|flex|excluir,025266-2,Renault,KWID Zen 1.0 Flex 12V 5p Mec.,32000,Flex,2023-07,julho/2023,43404.000000,usado,,,,,
025266-2|32000|flex|excluir,renault|kwid|base|flex|excluir,025266-2,Renault,KWID Zen 1.0 Flex 12V 5p Mec.,32000,Flex,2023-09,setembro/2023,42391.000000,usado,,,,,
025266-2|32000|flex|excluir,renault|kwid|base|flex|excluir,025266-2,Renault,KWID Zen 1.0 Flex 12V 5p Mec.,32000,Flex,2023-11,novembro/2023,41601.000000,usado,,,,,
025266-2|32000|flex|excluir,renault|kwid|base|flex|excluir,025266-2,Renault,KWID Zen 1.0 Flex 12V 5p Mec.,32000,Flex,2024-01,janeiro/2024,40987.000000,usado,,,,,
025266-2|32000|flex|excluir,renault|kwid|base|flex|excluir,025266-2,Renault,KWID Zen 1.0 Flex 12V 5p Mec.,32000,Flex,2024-03,março/2024,41021.000000,usado,,,,,
025266-2|32000|flex|excluir,renault|kwid|base|flex|excluir,025266-2,Renault,KWID Zen 1.0 Flex 12V 5p Mec.,32000,Flex,2024-05,maio/2024,40612.000000,usado,,,,,
025266-2|32000|flex|excluir,renault|kwid|base|flex|excluir,025266-2,Renault,KWID Zen 1.0 Flex 12V 5p Mec.,32000,Flex,2024-07,julho/2024,39885.000000,usado,,,,,
025266-2|32000|flex|excluir,renault|kwid|base|flex|excluir,025266-2,Renault,KWID Zen 1.0 Flex 12V 5p Mec.,32000,Flex,2024-09,setembro/2024,39795.000000,usado,,,,,
025266-2|32000|flex|excluir,renault|kwid|base|flex|excluir,025266-2,Renault,KWID Zen 1.0 Flex 12V 5p Mec.,32000,Flex,2024-11,novembro/2024,39152.000000,usado,,,,,
025266-2|32000|flex|excluir,renault|kwid|base|flex|excluir,025266-2,Renault,KWID Zen 1.0 Flex 12V 5p Mec.,32000,Flex,2025-01,janeiro/2025,39040.000000,usado,,,,,
025266-2|32000|flex|excluir,renault|kwid|base|flex|excluir,025266-2,Renault,KWID Zen 1.0 Flex 12V 5p Mec.,32000,Flex,2025-03,março/2025,38966.000000,usado,,,,,
025266-2|32000|flex|excluir,renault|kwid|base|flex|excluir,025266-2,Renault,KWID Zen 1.0 Flex 12V 5p Mec.,32000,Flex,2025-05,maio/2025,38747.000000,usado,,,,,
025266-2|32000|flex|excluir,renault|kwid|base|flex|excluir,025266-2,Renault,KWID Zen 1.0 Flex 12V 5p Mec.,32000,Flex,2025-07,julho/2025,38414.000000,usado,,,,,
025266-2|32000|flex|excluir,renault|kwid|base|flex|excluir,025266-2,Renault,KWID Zen 1.0 Flex 12V 5p Mec.,32000,Flex,2025-09,setembro/2025,37903.000000,usado,,,,,
025266-2|32000|flex|excluir,renault|kwid|base|flex|excluir,025266-2,Renault,KWID Zen 1.0 Flex 12V 5p Mec.,32000,Flex,2025-11,novembro/2025,37525.000000,usado,,,,,
025266-2|32000|flex|excluir,renault|kwid|base|flex|excluir,025266-2,Renault,KWID Zen 1.0 Flex 12V 5p Mec.,32000,Flex,2026-01,janeiro/2026,36931.000000,usado,,,,,
025266-2|32000|flex|excluir,renault|kwid|base|flex|excluir,025266-2,Renault,KWID Zen 1.0 Flex 12V 5p Mec.,32000,Flex,2026-03,março/2026,36235.000000,usado,,,,,
025266-2|32000|flex|excluir,renault|kwid|base|flex|excluir,025266-2,Renault,KWID Zen 1.0 Flex 12V 5p Mec.,32000,Flex,2026-05,maio/2026,37254.000000,usado,,,,,
002141-5|32000|diesel|excluir,toyota|hilux|base|diesel|excluir,002141-5,Toyota,Hilux CD SRX 4x4 2.8 TDI 16V Diesel Aut.,32000,Diesel,2018-09,09/2018,192041.000000,zero_km,,,,,
002141-5|32000|diesel|excluir,toyota|hilux|base|diesel|excluir,002141-5,Toyota,Hilux CD SRX 4x4 2.8 TDI 16V Diesel Aut.,32000,Diesel,2019-05,maio/2019,177100.000000,usado,,,,,
002141-5|32000|diesel|excluir,toyota|hilux|base|diesel|excluir,002141-5,Toyota,Hilux CD SRX 4x4 2.8 TDI 16V Diesel Aut.,32000,Diesel,2019-07,julho/2019,179168.000000,usado,,,,,
002141-5|32000|diesel|excluir,toyota|hilux|base|diesel|excluir,002141-5,Toyota,Hilux CD SRX 4x4 2.8 TDI 16V Diesel Aut.,32000,Diesel,2019-09,setembro/2019,181030.000000,usado,,,,,
002141-5|32000|diesel|excluir,toyota|hilux|base|diesel|excluir,002141-5,Toyota,Hilux CD SRX 4x4 2.8 TDI 16V Diesel Aut.,32000,Diesel,2019-11,novembro/2019,180437.000000,usado,,,,,
002141-5|32000|diesel|excluir,toyota|hilux|base|diesel|excluir,002141-5,Toyota,Hilux CD SRX 4x4 2.8 TDI 16V Diesel Aut.,32000,Diesel,2020-01,janeiro/2020,178965.000000,usado,,,,,
002141-5|32000|diesel|excluir,toyota|hilux|base|diesel|excluir,002141-5,Toyota,Hilux CD SRX 4x4 2.8 TDI 16V Diesel Aut.,32000,Diesel,2020-03,março/2020,178612.000000,usado,,,,,
002141-5|32000|diesel|excluir,toyota|hilux|base|diesel|excluir,002141-5,Toyota,Hilux CD SRX 4x4 2.8 TDI 16V Diesel Aut.,32000,Diesel,2020-05,maio/2020,177478.000000,usado,,,,,
002141-5|32000|diesel|excluir,toyota|hilux|base|diesel|excluir,002141-5,Toyota,Hilux CD SRX 4x4 2.8 TDI 16V Diesel Aut.,32000,Diesel,2020-07,julho/2020,180425.000000,usado,,,,,
002141-5|32000|diesel|excluir,toyota|hilux|base|diesel|excluir,002141-5,Toyota,Hilux CD SRX 4x4 2.8 TDI 16V Diesel Aut.,32000,Diesel,2020-09,setembro/2020,179422.000000,usado,,,,,
002141-5|32000|diesel|excluir,toyota|hilux|base|diesel|excluir,002141-5,Toyota,Hilux CD SRX 4x4 2.8 TDI 16V Diesel Aut.,32000,Diesel,2020-11,novembro/2020,191884.000000,usado,,,,,
002141-5|32000|diesel|excluir,toyota|hilux|base|diesel|excluir,002141-5,Toyota,Hilux CD SRX 4x4 2.8 TDI 16V Diesel Aut.,32000,Diesel,2021-01,janeiro/2021,194521.000000,usado,,,,,
002141-5|32000|diesel|excluir,toyota|hilux|base|diesel|excluir,002141-5,Toyota,Hilux CD SRX 4x4 2.8 TDI 16V Diesel Aut.,32000,Diesel,2021-03,março/2021,202357.000000,usado,,,,,
002141-5|32000|diesel|excluir,toyota|hilux|base|diesel|excluir,002141-5,Toyota,Hilux CD SRX 4x4 2.8 TDI 16V Diesel Aut.,32000,Diesel,2021-05,maio/2021,211847.000000,usado,,,,,
002141-5|32000|diesel|excluir,toyota|hilux|base|diesel|excluir,002141-5,Toyota,Hilux CD SRX 4x4 2.8 TDI 16V Diesel Aut.,32000,Diesel,2021-07,julho/2021,229022.000000,usado,,,,,
002141-5|32000|diesel|excluir,toyota|hilux|base|diesel|excluir,002141-5,Toyota,Hilux CD SRX 4x4 2.8 TDI 16V Diesel Aut.,32000,Diesel,2021-09,setembro/2021,240887.000000,usado,,,,,
002141-5|32000|diesel|excluir,toyota|hilux|base|diesel|excluir,002141-5,Toyota,Hilux CD SRX 4x4 2.8 TDI 16V Diesel Aut.,32000,Diesel,2021-11,novembro/2021,250328.000000,usado,,,,,
002141-5|32000|diesel|excluir,toyota|hilux|base|diesel|excluir,002141-5,Toyota,Hilux CD SRX 4x4 2.8 TDI 16V Diesel Aut.,32000,Diesel,2022-05,maio/2022,268316.000000,usado,,,,,
002141-5|32000|diesel|excluir,toyota|hilux|base|diesel|excluir,002141-5,Toyota,Hilux CD SRX 4x4 2.8 TDI 16V Diesel Aut.,32000,Diesel,2022-07,julho/2022,261805.000000,usado,,,,,
002141-5|32000|diesel|excluir,toyota|hilux|base|diesel|excluir,002141-5,Toyota,Hilux CD SRX 4x4 2.8 TDI 16V Diesel Aut.,32000,Diesel,2022-09,setembro/2022,261030.000000,usado,,,,,
002141-5|32000|diesel|excluir,toyota|hilux|base|diesel|excluir,002141-5,Toyota,Hilux CD SRX 4x4 2.8 TDI 16V Diesel Aut.,32000,Diesel,2022-11,novembro/2022,256768.000000,usado,,,,,
002141-5|32000|diesel|excluir,toyota|hilux|base|diesel|excluir,002141-5,Toyota,Hilux CD SRX 4x4 2.8 TDI 16V Diesel Aut.,32000,Diesel,2023-01,janeiro/2023,250613.000000,usado,,,,,
002141-5|32000|diesel|excluir,toyota|hilux|base|diesel|excluir,002141-5,Toyota,Hilux CD SRX 4x4 2.8 TDI 16V Diesel Aut.,32000,Diesel,2023-03,março/2023,246378.000000,usado,,,,,
002141-5|32000|diesel|excluir,toyota|hilux|base|diesel|excluir,002141-5,Toyota,Hilux CD SRX 4x4 2.8 TDI 16V Diesel Aut.,32000,Diesel,2023-05,maio/2023,242041.000000,usado,,,,,
002141-5|32000|diesel|excluir,toyota|hilux|base|diesel|excluir,002141-5,Toyota,Hilux CD SRX 4x4 2.8 TDI 16V Diesel Aut.,32000,Diesel,2023-07,julho/2023,234682.000000,usado,,,,,
002141-5|32000|diesel|excluir,toyota|hilux|base|diesel|excluir,002141-5,Toyota,Hilux CD SRX 4x4 2.8 TDI 16V Diesel Aut.,32000,Diesel,2023-09,setembro/2023,228591.000000,usado,,,,,
002141-5|32000|diesel|excluir,toyota|hilux|base|diesel|excluir,002141-5,Toyota,Hilux CD SRX 4x4 2.8 TDI 16V Diesel Aut.,32000,Diesel,2023-11,novembro/2023,224314.000000,usado,,,,,
002141-5|32000|diesel|excluir,toyota|hilux|base|diesel|excluir,002141-5,Toyota,Hilux CD SRX 4x4 2.8 TDI 16V Diesel Aut.,32000,Diesel,2024-01,janeiro/2024,217358.000000,usado,,,,,
002141-5|32000|diesel|excluir,toyota|hilux|base|diesel|excluir,002141-5,Toyota,Hilux CD SRX 4x4 2.8 TDI 16V Diesel Aut.,32000,Diesel,2024-03,março/2024,217836.000000,usado,,,,,
002141-5|32000|diesel|excluir,toyota|hilux|base|diesel|excluir,002141-5,Toyota,Hilux CD SRX 4x4 2.8 TDI 16V Diesel Aut.,32000,Diesel,2024-05,maio/2024,212553.000000,usado,,,,,
002141-5|32000|diesel|excluir,toyota|hilux|base|diesel|excluir,002141-5,Toyota,Hilux CD SRX 4x4 2.8 TDI 16V Diesel Aut.,32000,Diesel,2024-07,julho/2024,211129.000000,usado,,,,,
002141-5|32000|diesel|excluir,toyota|hilux|base|diesel|excluir,002141-5,Toyota,Hilux CD SRX 4x4 2.8 TDI 16V Diesel Aut.,32000,Diesel,2024-09,setembro/2024,209022.000000,usado,,,,,
002141-5|32000|diesel|excluir,toyota|hilux|base|diesel|excluir,002141-5,Toyota,Hilux CD SRX 4x4 2.8 TDI 16V Diesel Aut.,32000,Diesel,2024-11,novembro/2024,206936.000000,usado,,,,,
002141-5|32000|diesel|excluir,toyota|hilux|base|diesel|excluir,002141-5,Toyota,Hilux CD SRX 4x4 2.8 TDI 16V Diesel Aut.,32000,Diesel,2025-01,janeiro/2025,204871.000000,usado,,,,,
002141-5|32000|diesel|excluir,toyota|hilux|base|diesel|excluir,002141-5,Toyota,Hilux CD SRX 4x4 2.8 TDI 16V Diesel Aut.,32000,Diesel,2025-03,março/2025,202826.000000,usado,,,,,
002141-5|32000|diesel|excluir,toyota|hilux|base|diesel|excluir,002141-5,Toyota,Hilux CD SRX 4x4 2.8 TDI 16V Diesel Aut.,32000,Diesel,2025-05,maio/2025,200801.000000,usado,,,,,
002141-5|32000|diesel|excluir,toyota|hilux|base|diesel|excluir,002141-5,Toyota,Hilux CD SRX 4x4 2.8 TDI 16V Diesel Aut.,32000,Diesel,2025-07,julho/2025,198797.000000,usado,,,,,
002141-5|32000|diesel|excluir,toyota|hilux|base|diesel|excluir,002141-5,Toyota,Hilux CD SRX 4x4 2.8 TDI 16V Diesel Aut.,32000,Diesel,2025-09,setembro/2025,196813.000000,usado,,,,,
002141-5|32000|diesel|excluir,toyota|hilux|base|diesel|excluir,002141-5,Toyota,Hilux CD SRX 4x4 2.8 TDI 16V Diesel Aut.,32000,Diesel,2025-11,novembro/2025,197250.000000,usado,,,,,
002141-5|32000|diesel|excluir,toyota|hilux|base|diesel|excluir,002141-5,Toyota,Hilux CD SRX 4x4 2.8 TDI 16V Diesel Aut.,32000,Diesel,2026-01,janeiro/2026,200266.000000,usado,,,,,
002141-5|32000|diesel|excluir,toyota|hilux|base|diesel|excluir,002141-5,Toyota,Hilux CD SRX 4x4 2.8 TDI 16V Diesel Aut.,32000,Diesel,2026-03,março/2026,197548.000000,usado,,,,,
002141-5|32000|diesel|excluir,toyota|hilux|base|diesel|excluir,002141-5,Toyota,Hilux CD SRX 4x4 2.8 TDI 16V Diesel Aut.,32000,Diesel,2026-05,maio/2026,195577.000000,usado,,,,,
017104-2|32000|diesel|excluir,jeep|commander|base|diesel|excluir,017104-2,Jeep,Commander Overl. 2.2 TD 4x4 Diesel Aut.,32000,Diesel,2024-04,04/2024,309790.000000,zero_km,,,,,
017104-2|32000|diesel|excluir,jeep|commander|base|diesel|excluir,017104-2,Jeep,Commander Overl. 2.2 TD 4x4 Diesel Aut.,32000,Diesel,2024-05,maio/2024,287794.000000,usado,,,,,
017104-2|32000|diesel|excluir,jeep|commander|base|diesel|excluir,017104-2,Jeep,Commander Overl. 2.2 TD 4x4 Diesel Aut.,32000,Diesel,2024-06,junho/2024,286786.000000,usado,,,,,
017104-2|32000|diesel|excluir,jeep|commander|base|diesel|excluir,017104-2,Jeep,Commander Overl. 2.2 TD 4x4 Diesel Aut.,32000,Diesel,2024-07,julho/2024,285868.000000,usado,,,,,
017104-2|32000|diesel|excluir,jeep|commander|base|diesel|excluir,017104-2,Jeep,Commander Overl. 2.2 TD 4x4 Diesel Aut.,32000,Diesel,2024-08,agosto/2024,275862.000000,usado,,,,,
017104-2|32000|diesel|excluir,jeep|commander|base|diesel|excluir,017104-2,Jeep,Commander Overl. 2.2 TD 4x4 Diesel Aut.,32000,Diesel,2024-09,setembro/2024,274105.000000,usado,,,,,
017104-2|32000|diesel|excluir,jeep|commander|base|diesel|excluir,017104-2,Jeep,Commander Overl. 2.2 TD 4x4 Diesel Aut.,32000,Diesel,2024-10,outubro/2024,264511.000000,usado,,,,,
017104-2|32000|diesel|excluir,jeep|commander|base|diesel|excluir,017104-2,Jeep,Commander Overl. 2.2 TD 4x4 Diesel Aut.,32000,Diesel,2024-11,novembro/2024,271293.000000,usado,,,,,
017104-2|32000|diesel|excluir,jeep|commander|base|diesel|excluir,017104-2,Jeep,Commander Overl. 2.2 TD 4x4 Diesel Aut.,32000,Diesel,2024-12,dezembro/2024,262974.000000,usado,,,,,
017104-2|32000|diesel|excluir,jeep|commander|base|diesel|excluir,017104-2,Jeep,Commander Overl. 2.2 TD 4x4 Diesel Aut.,32000,Diesel,2025-01,janeiro/2025,253769.000000,usado,,,,,
017104-2|32000|diesel|excluir,jeep|commander|base|diesel|excluir,017104-2,Jeep,Commander Overl. 2.2 TD 4x4 Diesel Aut.,32000,Diesel,2025-02,fevereiro/2025,260484.000000,usado,,,,,
017104-2|32000|diesel|excluir,jeep|commander|base|diesel|excluir,017104-2,Jeep,Commander Overl. 2.2 TD 4x4 Diesel Aut.,32000,Diesel,2025-03,março/2025,258138.000000,usado,,,,,
017104-2|32000|diesel|excluir,jeep|commander|base|diesel|excluir,017104-2,Jeep,Commander Overl. 2.2 TD 4x4 Diesel Aut.,32000,Diesel,2025-04,abril/2025,252096.000000,usado,,,,,
017104-2|32000|diesel|excluir,jeep|commander|base|diesel|excluir,017104-2,Jeep,Commander Overl. 2.2 TD 4x4 Diesel Aut.,32000,Diesel,2025-05,maio/2025,248681.000000,usado,,,,,
017104-2|32000|diesel|excluir,jeep|commander|base|diesel|excluir,017104-2,Jeep,Commander Overl. 2.2 TD 4x4 Diesel Aut.,32000,Diesel,2025-06,junho/2025,251234.000000,usado,,,,,
017104-2|32000|diesel|excluir,jeep|commander|base|diesel|excluir,017104-2,Jeep,Commander Overl. 2.2 TD 4x4 Diesel Aut.,32000,Diesel,2025-07,julho/2025,249573.000000,usado,,,,,
017104-2|32000|diesel|excluir,jeep|commander|base|diesel|excluir,017104-2,Jeep,Commander Overl. 2.2 TD 4x4 Diesel Aut.,32000,Diesel,2025-08,agosto/2025,248879.000000,usado,,,,,
017104-2|32000|diesel|excluir,jeep|commander|base|diesel|excluir,017104-2,Jeep,Commander Overl. 2.2 TD 4x4 Diesel Aut.,32000,Diesel,2025-09,setembro/2025,246324.000000,usado,,,,,
017104-2|32000|diesel|excluir,jeep|commander|base|diesel|excluir,017104-2,Jeep,Commander Overl. 2.2 TD 4x4 Diesel Aut.,32000,Diesel,2025-10,outubro/2025,242813.000000,usado,,,,,
017104-2|32000|diesel|excluir,jeep|commander|base|diesel|excluir,017104-2,Jeep,Commander Overl. 2.2 TD 4x4 Diesel Aut.,32000,Diesel,2025-11,novembro/2025,243005.000000,usado,,,,,
017104-2|32000|diesel|excluir,jeep|commander|base|diesel|excluir,017104-2,Jeep,Commander Overl. 2.2 TD 4x4 Diesel Aut.,32000,Diesel,2025-12,dezembro/2025,240407.000000,usado,,,,,
017104-2|32000|diesel|excluir,jeep|commander|base|diesel|excluir,017104-2,Jeep,Commander Overl. 2.2 TD 4x4 Diesel Aut.,32000,Diesel,2026-01,janeiro/2026,237766.000000,usado,,,,,
017104-2|32000|diesel|excluir,jeep|commander|base|diesel|excluir,017104-2,Jeep,Commander Overl. 2.2 TD 4x4 Diesel Aut.,32000,Diesel,2026-02,fevereiro/2026,233721.000000,usado,,,,,
017104-2|32000|diesel|excluir,jeep|commander|base|diesel|excluir,017104-2,Jeep,Commander Overl. 2.2 TD 4x4 Diesel Aut.,32000,Diesel,2026-03,março/2026,228703.000000,usado,,,,,
017104-2|32000|diesel|excluir,jeep|commander|base|diesel|excluir,017104-2,Jeep,Commander Overl. 2.2 TD 4x4 Diesel Aut.,32000,Diesel,2026-04,abril/2026,228232.000000,usado,,,,,
017104-2|32000|diesel|excluir,jeep|commander|base|diesel|excluir,017104-2,Jeep,Commander Overl. 2.2 TD 4x4 Diesel Aut.,32000,Diesel,2026-05,maio/2026,225266.000000,usado,,,,,
002213-6|32000|gasolina|excluir,toyota|corolla|gr|gasolina|excluir,002213-6,Toyota,Corolla GR Circuit 1.6 Turbo 4x4 Mec,32000,Gasolina,2023-07,07/2023,416995.000000,zero_km,,,,,
002213-6|32000|gasolina|excluir,toyota|corolla|gr|gasolina|excluir,002213-6,Toyota,Corolla GR Circuit 1.6 Turbo 4x4 Mec,32000,Gasolina,2023-08,agosto/2023,395311.000000,usado,,,,,
002213-6|32000|gasolina|excluir,toyota|corolla|gr|gasolina|excluir,002213-6,Toyota,Corolla GR Circuit 1.6 Turbo 4x4 Mec,32000,Gasolina,2023-09,setembro/2023,393136.000000,usado,,,,,
002213-6|32000|gasolina|excluir,toyota|corolla|gr|gasolina|excluir,002213-6,Toyota,Corolla GR Circuit 1.6 Turbo 4x4 Mec,32000,Gasolina,2023-10,outubro/2023,391366.000000,usado,,,,,
002213-6|32000|gasolina|excluir,toyota|corolla|gr|gasolina|excluir,002213-6,Toyota,Corolla GR Circuit 1.6 Turbo 4x4 Mec,32000,Gasolina,2023-11,novembro/2023,389604.000000,usado,,,,,
002213-6|32000|gasolina|excluir,toyota|corolla|gr|gasolina|excluir,002213-6,Toyota,Corolla GR Circuit 1.6 Turbo 4x4 Mec,32000,Gasolina,2023-12,dezembro/2023,387967.000000,usado,,,,,
002213-6|32000|gasolina|excluir,toyota|corolla|gr|gasolina|excluir,002213-6,Toyota,Corolla GR Circuit 1.6 Turbo 4x4 Mec,32000,Gasolina,2024-01,janeiro/2024,387113.000000,usado,,,,,
002213-6|32000|gasolina|excluir,toyota|corolla|gr|gasolina|excluir,002213-6,Toyota,Corolla GR Circuit 1.6 Turbo 4x4 Mec,32000,Gasolina,2024-02,fevereiro/2024,384248.000000,usado,,,,,
002213-6|32000|gasolina|excluir,toyota|corolla|gr|gasolina|excluir,002213-6,Toyota,Corolla GR Circuit 1.6 Turbo 4x4 Mec,32000,Gasolina,2024-03,março/2024,397696.000000,usado,,,,,
002213-6|32000|gasolina|excluir,toyota|corolla|gr|gasolina|excluir,002213-6,Toyota,Corolla GR Circuit 1.6 Turbo 4x4 Mec,32000,Gasolina,2024-04,abril/2024,402395.000000,usado,,,,,
002213-6|32000|gasolina|excluir,toyota|corolla|gr|gasolina|excluir,002213-6,Toyota,Corolla GR Circuit 1.6 Turbo 4x4 Mec,32000,Gasolina,2024-05,maio/2024,389902.000000,usado,,,,,
002213-6|32000|gasolina|excluir,toyota|corolla|gr|gasolina|excluir,002213-6,Toyota,Corolla GR Circuit 1.6 Turbo 4x4 Mec,32000,Gasolina,2024-06,junho/2024,403548.000000,usado,,,,,
002213-6|32000|gasolina|excluir,toyota|corolla|gr|gasolina|excluir,002213-6,Toyota,Corolla GR Circuit 1.6 Turbo 4x4 Mec,32000,Gasolina,2024-07,julho/2024,398775.000000,usado,,,,,
002213-6|32000|gasolina|excluir,toyota|corolla|gr|gasolina|excluir,002213-6,Toyota,Corolla GR Circuit 1.6 Turbo 4x4 Mec,32000,Gasolina,2024-08,agosto/2024,397475.000000,usado,,,,,
002213-6|32000|gasolina|excluir,toyota|corolla|gr|gasolina|excluir,002213-6,Toyota,Corolla GR Circuit 1.6 Turbo 4x4 Mec,32000,Gasolina,2024-09,setembro/2024,395653.000000,usado,,,,,
002213-6|32000|gasolina|excluir,toyota|corolla|gr|gasolina|excluir,002213-6,Toyota,Corolla GR Circuit 1.6 Turbo 4x4 Mec,32000,Gasolina,2024-10,outubro/2024,388535.000000,usado,,,,,
002213-6|32000|gasolina|excluir,toyota|corolla|gr|gasolina|excluir,002213-6,Toyota,Corolla GR Circuit 1.6 Turbo 4x4 Mec,32000,Gasolina,2024-11,novembro/2024,384150.000000,usado,,,,,
002213-6|32000|gasolina|excluir,toyota|corolla|gr|gasolina|excluir,002213-6,Toyota,Corolla GR Circuit 1.6 Turbo 4x4 Mec,32000,Gasolina,2024-12,dezembro/2024,373961.000000,usado,,,,,
002213-6|32000|gasolina|excluir,toyota|corolla|gr|gasolina|excluir,002213-6,Toyota,Corolla GR Circuit 1.6 Turbo 4x4 Mec,32000,Gasolina,2025-01,janeiro/2025,376347.000000,usado,,,,,
002213-6|32000|gasolina|excluir,toyota|corolla|gr|gasolina|excluir,002213-6,Toyota,Corolla GR Circuit 1.6 Turbo 4x4 Mec,32000,Gasolina,2025-02,fevereiro/2025,378397.000000,usado,,,,,
002213-6|32000|gasolina|excluir,toyota|corolla|gr|gasolina|excluir,002213-6,Toyota,Corolla GR Circuit 1.6 Turbo 4x4 Mec,32000,Gasolina,2025-03,março/2025,376064.000000,usado,,,,,
002213-6|32000|gasolina|excluir,toyota|corolla|gr|gasolina|excluir,002213-6,Toyota,Corolla GR Circuit 1.6 Turbo 4x4 Mec,32000,Gasolina,2025-04,abril/2025,372010.000000,usado,,,,,
002213-6|32000|gasolina|excluir,toyota|corolla|gr|gasolina|excluir,002213-6,Toyota,Corolla GR Circuit 1.6 Turbo 4x4 Mec,32000,Gasolina,2025-05,maio/2025,374344.000000,usado,,,,,
002213-6|32000|gasolina|excluir,toyota|corolla|gr|gasolina|excluir,002213-6,Toyota,Corolla GR Circuit 1.6 Turbo 4x4 Mec,32000,Gasolina,2025-06,junho/2025,367432.000000,usado,,,,,
002213-6|32000|gasolina|excluir,toyota|corolla|gr|gasolina|excluir,002213-6,Toyota,Corolla GR Circuit 1.6 Turbo 4x4 Mec,32000,Gasolina,2025-07,julho/2025,363060.000000,usado,,,,,
002213-6|32000|gasolina|excluir,toyota|corolla|gr|gasolina|excluir,002213-6,Toyota,Corolla GR Circuit 1.6 Turbo 4x4 Mec,32000,Gasolina,2025-08,agosto/2025,353551.000000,usado,,,,,
002213-6|32000|gasolina|excluir,toyota|corolla|gr|gasolina|excluir,002213-6,Toyota,Corolla GR Circuit 1.6 Turbo 4x4 Mec,32000,Gasolina,2025-09,setembro/2025,341176.000000,usado,,,,,
002213-6|32000|gasolina|excluir,toyota|corolla|gr|gasolina|excluir,002213-6,Toyota,Corolla GR Circuit 1.6 Turbo 4x4 Mec,32000,Gasolina,2025-10,outubro/2025,337275.000000,usado,,,,,
002213-6|32000|gasolina|excluir,toyota|corolla|gr|gasolina|excluir,002213-6,Toyota,Corolla GR Circuit 1.6 Turbo 4x4 Mec,32000,Gasolina,2025-11,novembro/2025,331337.000000,usado,,,,,
002213-6|32000|gasolina|excluir,toyota|corolla|gr|gasolina|excluir,002213-6,Toyota,Corolla GR Circuit 1.6 Turbo 4x4 Mec,32000,Gasolina,2025-12,dezembro/2025,319740.000000,usado,,,,,
002213-6|32000|gasolina|excluir,toyota|corolla|gr|gasolina|excluir,002213-6,Toyota,Corolla GR Circuit 1.6 Turbo 4x4 Mec,32000,Gasolina,2026-01,janeiro/2026,312118.000000,usado,,,,,
002213-6|32000|gasolina|excluir,toyota|corolla|gr|gasolina|excluir,002213-6,Toyota,Corolla GR Circuit 1.6 Turbo 4x4 Mec,32000,Gasolina,2026-02,fevereiro/2026,311275.000000,usado,,,,,
002213-6|32000|gasolina|excluir,toyota|corolla|gr|gasolina|excluir,002213-6,Toyota,Corolla GR Circuit 1.6 Turbo 4x4 Mec,32000,Gasolina,2026-03,março/2026,301853.000000,usado,,,,,
002213-6|32000|gasolina|excluir,toyota|corolla|gr|gasolina|excluir,002213-6,Toyota,Corolla GR Circuit 1.6 Turbo 4x4 Mec,32000,Gasolina,2026-04,abril/2026,312417.000000,usado,,,,,
002213-6|32000|gasolina|excluir,toyota|corolla|gr|gasolina|excluir,002213-6,Toyota,Corolla GR Circuit 1.6 Turbo 4x4 Mec,32000,Gasolina,2026-05,maio/2026,318603.000000,usado,,,,,
015251-0|32000|flex|excluir,hyundai|hb20|base|flex|excluir,015251-0,Hyundai,HB20 Limited 1.0 TB Flex 12V Aut.,32000,Flex,2023-08,08/2023,106390.000000,zero_km,,,,,
015251-0|32000|flex|excluir,hyundai|hb20|base|flex|excluir,015251-0,Hyundai,HB20 Limited 1.0 TB Flex 12V Aut.,32000,Flex,2023-09,setembro/2023,98304.000000,usado,,,,,
015251-0|32000|flex|excluir,hyundai|hb20|base|flex|excluir,015251-0,Hyundai,HB20 Limited 1.0 TB Flex 12V Aut.,32000,Flex,2023-10,outubro/2023,98304.000000,usado,,,,,
015251-0|32000|flex|excluir,hyundai|hb20|base|flex|excluir,015251-0,Hyundai,HB20 Limited 1.0 TB Flex 12V Aut.,32000,Flex,2023-11,novembro/2023,97861.000000,usado,,,,,
015251-0|32000|flex|excluir,hyundai|hb20|base|flex|excluir,015251-0,Hyundai,HB20 Limited 1.0 TB Flex 12V Aut.,32000,Flex,2023-12,dezembro/2023,98101.000000,usado,,,,,
015251-0|32000|flex|excluir,hyundai|hb20|base|flex|excluir,015251-0,Hyundai,HB20 Limited 1.0 TB Flex 12V Aut.,32000,Flex,2024-01,janeiro/2024,97500.000000,usado,,,,,
015251-0|32000|flex|excluir,hyundai|hb20|base|flex|excluir,015251-0,Hyundai,HB20 Limited 1.0 TB Flex 12V Aut.,32000,Flex,2024-02,fevereiro/2024,94526.000000,usado,,,,,
015251-0|32000|flex|excluir,hyundai|hb20|base|flex|excluir,015251-0,Hyundai,HB20 Limited 1.0 TB Flex 12V Aut.,32000,Flex,2024-03,março/2024,92884.000000,usado,,,,,
015251-0|32000|flex|excluir,hyundai|hb20|base|flex|excluir,015251-0,Hyundai,HB20 Limited 1.0 TB Flex 12V Aut.,32000,Flex,2024-04,abril/2024,96134.000000,usado,,,,,
015251-0|32000|flex|excluir,hyundai|hb20|base|flex|excluir,015251-0,Hyundai,HB20 Limited 1.0 TB Flex 12V Aut.,32000,Flex,2024-05,maio/2024,94055.000000,usado,,,,,
015251-0|32000|flex|excluir,hyundai|hb20|base|flex|excluir,015251-0,Hyundai,HB20 Limited 1.0 TB Flex 12V Aut.,32000,Flex,2024-06,junho/2024,96480.000000,usado,,,,,
015251-0|32000|flex|excluir,hyundai|hb20|base|flex|excluir,015251-0,Hyundai,HB20 Limited 1.0 TB Flex 12V Aut.,32000,Flex,2024-07,julho/2024,93103.000000,usado,,,,,
015251-0|32000|flex|excluir,hyundai|hb20|base|flex|excluir,015251-0,Hyundai,HB20 Limited 1.0 TB Flex 12V Aut.,32000,Flex,2024-08,agosto/2024,93385.000000,usado,,,,,
015251-0|32000|flex|excluir,hyundai|hb20|base|flex|excluir,015251-0,Hyundai,HB20 Limited 1.0 TB Flex 12V Aut.,32000,Flex,2024-09,setembro/2024,90470.000000,usado,,,,,
015251-0|32000|flex|excluir,hyundai|hb20|base|flex|excluir,015251-0,Hyundai,HB20 Limited 1.0 TB Flex 12V Aut.,32000,Flex,2024-10,outubro/2024,87613.000000,usado,,,,,
015251-0|32000|flex|excluir,hyundai|hb20|base|flex|excluir,015251-0,Hyundai,HB20 Limited 1.0 TB Flex 12V Aut.,32000,Flex,2024-11,novembro/2024,90217.000000,usado,,,,,
015251-0|32000|flex|excluir,hyundai|hb20|base|flex|excluir,015251-0,Hyundai,HB20 Limited 1.0 TB Flex 12V Aut.,32000,Flex,2024-12,dezembro/2024,87212.000000,usado,,,,,
015251-0|32000|flex|excluir,hyundai|hb20|base|flex|excluir,015251-0,Hyundai,HB20 Limited 1.0 TB Flex 12V Aut.,32000,Flex,2025-01,janeiro/2025,88869.000000,usado,,,,,
015251-0|32000|flex|excluir,hyundai|hb20|base|flex|excluir,015251-0,Hyundai,HB20 Limited 1.0 TB Flex 12V Aut.,32000,Flex,2025-02,fevereiro/2025,90176.000000,usado,,,,,
015251-0|32000|flex|excluir,hyundai|hb20|base|flex|excluir,015251-0,Hyundai,HB20 Limited 1.0 TB Flex 12V Aut.,32000,Flex,2025-06,junho/2025,88712.000000,usado,,,,,
015251-0|32000|flex|excluir,hyundai|hb20|base|flex|excluir,015251-0,Hyundai,HB20 Limited 1.0 TB Flex 12V Aut.,32000,Flex,2025-07,julho/2025,87712.000000,usado,,,,,
015251-0|32000|flex|excluir,hyundai|hb20|base|flex|excluir,015251-0,Hyundai,HB20 Limited 1.0 TB Flex 12V Aut.,32000,Flex,2025-08,agosto/2025,88085.000000,usado,,,,,
015251-0|32000|flex|excluir,hyundai|hb20|base|flex|excluir,015251-0,Hyundai,HB20 Limited 1.0 TB Flex 12V Aut.,32000,Flex,2025-09,setembro/2025,87236.000000,usado,,,,,
015251-0|32000|flex|excluir,hyundai|hb20|base|flex|excluir,015251-0,Hyundai,HB20 Limited 1.0 TB Flex 12V Aut.,32000,Flex,2025-10,outubro/2025,86221.000000,usado,,,,,
015251-0|32000|flex|excluir,hyundai|hb20|base|flex|excluir,015251-0,Hyundai,HB20 Limited 1.0 TB Flex 12V Aut.,32000,Flex,2025-11,novembro/2025,85981.000000,usado,,,,,
015251-0|32000|flex|excluir,hyundai|hb20|base|flex|excluir,015251-0,Hyundai,HB20 Limited 1.0 TB Flex 12V Aut.,32000,Flex,2025-12,dezembro/2025,85049.000000,usado,,,,,
015251-0|32000|flex|excluir,hyundai|hb20|base|flex|excluir,015251-0,Hyundai,HB20 Limited 1.0 TB Flex 12V Aut.,32000,Flex,2026-01,janeiro/2026,85208.000000,usado,,,,,
015251-0|32000|flex|excluir,hyundai|hb20|base|flex|excluir,015251-0,Hyundai,HB20 Limited 1.0 TB Flex 12V Aut.,32000,Flex,2026-02,fevereiro/2026,85565.000000,usado,,,,,
015251-0|32000|flex|excluir,hyundai|hb20|base|flex|excluir,015251-0,Hyundai,HB20 Limited 1.0 TB Flex 12V Aut.,32000,Flex,2026-03,março/2026,84509.000000,usado,,,,,
015251-0|32000|flex|excluir,hyundai|hb20|base|flex|excluir,015251-0,Hyundai,HB20 Limited 1.0 TB Flex 12V Aut.,32000,Flex,2026-04,abril/2026,85308.000000,usado,,,,,
015251-0|32000|flex|excluir,hyundai|hb20|base|flex|excluir,015251-0,Hyundai,HB20 Limited 1.0 TB Flex 12V Aut.,32000,Flex,2026-05,maio/2026,85394.000000,usado,,,,,
,,005485-2,VW - VolksWagen,VIRTUS Comfort. 200 TSI 1.0 Flex 12V Aut,32000,Flex,2022-06,,,,116260.0,59,8185,32000-5,fipe_web_sob_demanda
,,005485-2,VW - VolksWagen,VIRTUS Comfort. 200 TSI 1.0 Flex 12V Aut,32000,Flex,2022-07,,,,116858.0,59,8185,32000-5,fipe_web_sob_demanda
,,005485-2,VW - VolksWagen,VIRTUS Comfort. 200 TSI 1.0 Flex 12V Aut,32000,Flex,2022-08,,,,115972.0,59,8185,32000-5,fipe_web_sob_demanda
,,005485-2,VW - VolksWagen,VIRTUS Comfort. 200 TSI 1.0 Flex 12V Aut,32000,Flex,2022-09,,,,117450.0,59,8185,32000-5,fipe_web_sob_demanda
,,005485-2,VW - VolksWagen,VIRTUS Comfort. 200 TSI 1.0 Flex 12V Aut,32000,Flex,2022-10,,,,117659.0,59,8185,32000-5,fipe_web_sob_demanda
,,005485-2,VW - VolksWagen,VIRTUS Comfort. 200 TSI 1.0 Flex 12V Aut,32000,Flex,2022-11,,,,114323.0,59,8185,32000-5,fipe_web_sob_demanda
,,005485-2,VW - VolksWagen,VIRTUS Comfort. 200 TSI 1.0 Flex 12V Aut,32000,Flex,2022-12,,,,115721.0,59,8185,32000-5,fipe_web_sob_demanda
,,005485-2,VW - VolksWagen,VIRTUS Comfort. 200 TSI 1.0 Flex 12V Aut,32000,Flex,2023-01,,,,113597.0,59,8185,32000-5,fipe_web_sob_demanda
,,005485-2,VW - VolksWagen,VIRTUS Comfort. 200 TSI 1.0 Flex 12V Aut,32000,Flex,2023-02,,,,113936.0,59,8185,32000-5,fipe_web_sob_demanda
,,005485-2,VW - VolksWagen,VIRTUS Comfort. 200 TSI 1.0 Flex 12V Aut,32000,Flex,2023-03,,,,123440.0,59,8185,32000-5,fipe_web_sob_demanda
,,005485-2,VW - VolksWagen,VIRTUS Comfort. 200 TSI 1.0 Flex 12V Aut,32000,Flex,2023-04,,,,123110.0,59,8185,32000-5,fipe_web_sob_demanda
,,005485-2,VW - VolksWagen,VIRTUS Comfort. 200 TSI 1.0 Flex 12V Aut,32000,Flex,2023-05,,,,123960.0,59,8185,32000-5,fipe_web_sob_demanda
,,005485-2,VW - VolksWagen,VIRTUS Comfort. 200 TSI 1.0 Flex 12V Aut,32000,Flex,2023-06,,,,124629.0,59,8185,32000-5,fipe_web_sob_demanda
,,005485-2,VW - VolksWagen,VIRTUS Comfort. 200 TSI 1.0 Flex 12V Aut,32000,Flex,2023-07,,,,124510.0,59,8185,32000-5,fipe_web_sob_demanda
,,005485-2,VW - VolksWagen,VIRTUS Comfort. 200 TSI 1.0 Flex 12V Aut,32000,Flex,2023-08,,,,124022.0,59,8185,32000-5,fipe_web_sob_demanda
,,005485-2,VW - VolksWagen,VIRTUS Comfort. 200 TSI 1.0 Flex 12V Aut,32000,Flex,2023-09,,,,126657.0,59,8185,32000-5,fipe_web_sob_demanda
,,005485-2,VW - VolksWagen,VIRTUS Comfort. 200 TSI 1.0 Flex 12V Aut,32000,Flex,2023-10,,,,125020.0,59,8185,32000-5,fipe_web_sob_demanda
,,005485-2,VW - VolksWagen,VIRTUS Comfort. 200 TSI 1.0 Flex 12V Aut,32000,Flex,2023-11,,,,125211.0,59,8185,32000-5,fipe_web_sob_demanda
,,005485-2,VW - VolksWagen,VIRTUS Comfort. 200 TSI 1.0 Flex 12V Aut,32000,Flex,2023-12,,,,125168.0,59,8185,32000-5,fipe_web_sob_demanda
,,005485-2,VW - VolksWagen,VIRTUS Comfort. 200 TSI 1.0 Flex 12V Aut,32000,Flex,2024-01,,,,123965.0,59,8185,32000-5,fipe_web_sob_demanda
,,005485-2,VW - VolksWagen,VIRTUS Comfort. 200 TSI 1.0 Flex 12V Aut,32000,Flex,2024-02,,,,124989.0,59,8185,32000-5,fipe_web_sob_demanda
,,005485-2,VW - VolksWagen,VIRTUS Comfort. 200 TSI 1.0 Flex 12V Aut,32000,Flex,2024-03,,,,124427.0,59,8185,32000-5,fipe_web_sob_demanda
,,005485-2,VW - VolksWagen,VIRTUS Comfort. 200 TSI 1.0 Flex 12V Aut,32000,Flex,2024-04,,,,124796.0,59,8185,32000-5,fipe_web_sob_demanda
,,005485-2,VW - VolksWagen,VIRTUS Comfort. 200 TSI 1.0 Flex 12V Aut,32000,Flex,2024-05,,,,125567.0,59,8185,32000-5,fipe_web_sob_demanda
,,005485-2,VW - VolksWagen,VIRTUS Comfort. 200 TSI 1.0 Flex 12V Aut,32000,Flex,2024-06,,,,127985.0,59,8185,32000-5,fipe_web_sob_demanda
,,005485-2,VW - VolksWagen,VIRTUS Comfort. 200 TSI 1.0 Flex 12V Aut,32000,Flex,2024-07,,,,128255.0,59,8185,32000-5,fipe_web_sob_demanda
,,005485-2,VW - VolksWagen,VIRTUS Comfort. 200 TSI 1.0 Flex 12V Aut,32000,Flex,2024-08,,,,128684.0,59,8185,32000-5,fipe_web_sob_demanda
,,005485-2,VW - VolksWagen,VIRTUS Comfort. 200 TSI 1.0 Flex 12V Aut,32000,Flex,2024-09,,,,128009.0,59,8185,32000-5,fipe_web_sob_demanda
,,005485-2,VW - VolksWagen,VIRTUS Comfort. 200 TSI 1.0 Flex 12V Aut,32000,Flex,2024-10,,,,127951.0,59,8185,32000-5,fipe_web_sob_demanda
,,005485-2,VW - VolksWagen,VIRTUS Comfort. 200 TSI 1.0 Flex 12V Aut,32000,Flex,2024-11,,,,128235.0,59,8185,32000-5,fipe_web_sob_demanda
,,005485-2,VW - VolksWagen,VIRTUS Comfort. 200 TSI 1.0 Flex 12V Aut,32000,Flex,2024-12,,,,128371.0,59,8185,32000-5,fipe_web_sob_demanda
,,005485-2,VW - VolksWagen,VIRTUS Comfort. 200 TSI 1.0 Flex 12V Aut,32000,Flex,2025-01,,,,129498.0,59,8185,32000-5,fipe_web_sob_demanda
,,005485-2,VW - VolksWagen,VIRTUS Comfort. 200 TSI 1.0 Flex 12V Aut,32000,Flex,2025-02,,,,133340.0,59,8185,32000-5,fipe_web_sob_demanda
,,005485-2,VW - VolksWagen,VIRTUS Comfort. 200 TSI 1.0 Flex 12V Aut,32000,Flex,2025-03,,,,133976.0,59,8185,32000-5,fipe_web_sob_demanda
,,005485-2,VW - VolksWagen,VIRTUS Comfort. 200 TSI 1.0 Flex 12V Aut,32000,Flex,2025-04,,,,136358.0,59,8185,32000-5,fipe_web_sob_demanda
,,005485-2,VW - VolksWagen,VIRTUS Comfort. 200 TSI 1.0 Flex 12V Aut,32000,Flex,2025-05,,,,135136.0,59,8185,32000-5,fipe_web_sob_demanda
,,005485-2,VW - VolksWagen,VIRTUS Comfort. 200 TSI 1.0 Flex 12V Aut,32000,Flex,2025-06,,,,140992.0,59,8185,32000-5,fipe_web_sob_demanda
,,005485-2,VW - VolksWagen,VIRTUS Comfort. 200 TSI 1.0 Flex 12V Aut,32000,Flex,2025-07,,,,138339.0,59,8185,32000-5,fipe_web_sob_demanda
,,005485-2,VW - VolksWagen,VIRTUS Comfort. 200 TSI 1.0 Flex 12V Aut,32000,Flex,2025-08,,,,134202.0,59,8185,32000-5,fipe_web_sob_demanda
,,005485-2,VW - VolksWagen,VIRTUS Comfort. 200 TSI 1.0 Flex 12V Aut,32000,Flex,2025-09,,,,135286.0,59,8185,32000-5,fipe_web_sob_demanda
,,005485-2,VW - VolksWagen,VIRTUS Comfort. 200 TSI 1.0 Flex 12V Aut,32000,Flex,2025-10,,,,134499.0,59,8185,32000-5,fipe_web_sob_demanda
,,005485-2,VW - VolksWagen,VIRTUS Comfort. 200 TSI 1.0 Flex 12V Aut,32000,Flex,2025-11,,,,136636.0,59,8185,32000-5,fipe_web_sob_demanda
,,005485-2,VW - VolksWagen,VIRTUS Comfort. 200 TSI 1.0 Flex 12V Aut,32000,Flex,2025-12,,,,137284.0,59,8185,32000-5,fipe_web_sob_demanda
,,005485-2,VW - VolksWagen,VIRTUS Comfort. 200 TSI 1.0 Flex 12V Aut,32000,Flex,2026-01,,,,137235.0,59,8185,32000-5,fipe_web_sob_demanda
,,005485-2,VW - VolksWagen,VIRTUS Comfort. 200 TSI 1.0 Flex 12V Aut,32000,Flex,2026-02,,,,140030.0,59,8185,32000-5,fipe_web_sob_demanda
,,005485-2,VW - VolksWagen,VIRTUS Comfort. 200 TSI 1.0 Flex 12V Aut,32000,Flex,2026-03,,,,138878.0,59,8185,32000-5,fipe_web_sob_demanda
,,005485-2,VW - VolksWagen,VIRTUS Comfort. 200 TSI 1.0 Flex 12V Aut,32000,Flex,2026-04,,,,141127.0,59,8185,32000-5,fipe_web_sob_demanda
,,005485-2,VW - VolksWagen,VIRTUS Comfort. 200 TSI 1.0 Flex 12V Aut,32000,Flex,2026-05,,,,143512.0,59,8185,32000-5,fipe_web_sob_demanda
,,093018-0,Caoa Chery,Tiggo 8 PRO 1.6 TGDi Aut.,2027,Gasolina,2026-03,,,,187900.0,245,11198,2027-1,fipe_web_sob_demanda
,,093018-0,Caoa Chery,Tiggo 8 PRO 1.6 TGDi Aut.,2027,Gasolina,2026-04,,,,187242.0,245,11198,2027-1,fipe_web_sob_demanda
,,093018-0,Caoa Chery,Tiggo 8 PRO 1.6 TGDi Aut.,2027,Gasolina,2026-05,,,,187054.0,245,11198,2027-1,fipe_web_sob_demanda
,,093018-0,Caoa Chery,Tiggo 8 PRO 1.6 TGDi Aut.,2027,Gasolina,2026-06,,,,186698.0,245,11198,2027-1,fipe_web_sob_demanda
,,001559-8,Fiat,PULSE ABARTH 1.3 Turbo 16V Flex Aut.,2026,Flex,2025-07,,,,145365.0,21,10219,2026-5,fipe_web_sob_demanda
,,001559-8,Fiat,PULSE ABARTH 1.3 Turbo 16V Flex Aut.,2026,Flex,2025-08,,,,145132.0,21,10219,2026-5,fipe_web_sob_demanda
,,001559-8,Fiat,PULSE ABARTH 1.3 Turbo 16V Flex Aut.,2026,Flex,2025-09,,,,144827.0,21,10219,2026-5,fipe_web_sob_demanda
,,001559-8,Fiat,PULSE ABARTH 1.3 Turbo 16V Flex Aut.,2026,Flex,2025-10,,,,139758.0,21,10219,2026-5,fipe_web_sob_demanda
,,001559-8,Fiat,PULSE ABARTH 1.3 Turbo 16V Flex Aut.,2026,Flex,2025-11,,,,134866.0,21,10219,2026-5,fipe_web_sob_demanda
,,001559-8,Fiat,PULSE ABARTH 1.3 Turbo 16V Flex Aut.,2026,Flex,2025-12,,,,139586.0,21,10219,2026-5,fipe_web_sob_demanda
,,001559-8,Fiat,PULSE ABARTH 1.3 Turbo 16V Flex Aut.,2026,Flex,2026-01,,,,141692.0,21,10219,2026-5,fipe_web_sob_demanda
,,001559-8,Fiat,PULSE ABARTH 1.3 Turbo 16V Flex Aut.,2026,Flex,2026-02,,,,141200.0,21,10219,2026-5,fipe_web_sob_demanda
,,001559-8,Fiat,PULSE ABARTH 1.3 Turbo 16V Flex Aut.,2026,Flex,2026-03,,,,139678.0,21,10219,2026-5,fipe_web_sob_demanda
,,001559-8,Fiat,PULSE ABARTH 1.3 Turbo 16V Flex Aut.,2026,Flex,2026-04,,,,141793.0,21,10219,2026-5,fipe_web_sob_demanda
,,001559-8,Fiat,PULSE ABARTH 1.3 Turbo 16V Flex Aut.,2026,Flex,2026-05,,,,142819.0,21,10219,2026-5,fipe_web_sob_demanda
,,001559-8,Fiat,PULSE ABARTH 1.3 Turbo 16V Flex Aut.,2026,Flex,2026-06,,,,142884.0,21,10219,2026-5,fipe_web_sob_demanda
