titulo,marca_id,modelo_id,ano_fipe_codigo,marca,modelo,ano_modelo,categoria,data_referencia,valor_fipe,data_salvamento
BYD Dolphin Mini EV,,,,,,,EV,2024-01,115800.000000,2026-05-12 00:08:28
BYD Dolphin Mini EV,,,,,,,EV,2024-06,108900.000000,2026-05-12 00:08:28
BYD Dolphin Mini EV,,,,,,,EV,2025-01,99900.000000,2026-05-12 00:08:28
BYD Dolphin Mini EV,,,,,,,EV,2025-06,94500.000000,2026-05-12 00:08:28
BYD Dolphin Mini EV,,,,,,,EV,2026-01,89900.000000,2026-05-12 00:08:28
BYD Yuan Plus (Elétrico) Zero km,,,,BYD,Yuan Plus (Elétrico),Zero km,EV_PURO,2022-04,504637.000000,2026-05-12 00:40:11
BYD Yuan Plus (Elétrico) Zero km,,,,BYD,Yuan Plus (Elétrico),Zero km,EV_PURO,2022-05,504637.000000,2026-05-12 00:40:11
BYD Yuan Plus (Elétrico) Zero km,,,,BYD,Yuan Plus (Elétrico),Zero km,EV_PURO,2022-06,508415.000000,2026-05-12 00:40:11
BYD Yuan Plus (Elétrico) Zero km,,,,BYD,Yuan Plus (Elétrico),Zero km,EV_PURO,2022-07,478418.000000,2026-05-12 00:40:11
BYD Yuan Plus (Elétrico) Zero km,,,,BYD,Yuan Plus (Elétrico),Zero km,EV_PURO,2022-08,464543.000000,2026-05-12 00:40:11
BYD Yuan Plus (Elétrico) Zero km,,,,BYD,Yuan Plus (Elétrico),Zero km,EV_PURO,2022-09,464217.000000,2026-05-12 00:40:11
BYD Yuan Plus (Elétrico) Zero km,,,,BYD,Yuan Plus (Elétrico),Zero km,EV_PURO,2022-10,463520.000000,2026-05-12 00:40:11
BYD Yuan Plus (Elétrico) Zero km,,,,BYD,Yuan Plus (Elétrico),Zero km,EV_PURO,2022-11,462685.000000,2026-05-12 00:40:11
BYD Yuan Plus (Elétrico) Zero km,,,,BYD,Yuan Plus (Elétrico),Zero km,EV_PURO,2022-12,471452.000000,2026-05-12 00:40:11
BYD Yuan Plus (Elétrico) Zero km,,,,BYD,Yuan Plus (Elétrico),Zero km,EV_PURO,2023-01,463995.000000,2026-05-12 00:40:11
BYD Yuan Plus (Elétrico) Zero km,,,,BYD,Yuan Plus (Elétrico),Zero km,EV_PURO,2023-02,463623.000000,2026-05-12 00:40:11
BYD Yuan Plus (Elétrico) Zero km,,,,BYD,Yuan Plus (Elétrico),Zero km,EV_PURO,2023-03,459955.000000,2026-05-12 00:40:11
BYD Yuan Plus (Elétrico) Zero km,,,,BYD,Yuan Plus (Elétrico),Zero km,EV_PURO,2023-04,460285.000000,2026-05-12 00:40:11
BYD Yuan Plus (Elétrico) Zero km,,,,BYD,Yuan Plus (Elétrico),Zero km,EV_PURO,2023-05,448342.000000,2026-05-12 00:40:11
BYD Yuan Plus (Elétrico) Zero km,,,,BYD,Yuan Plus (Elétrico),Zero km,EV_PURO,2023-06,473265.000000,2026-05-12 00:40:11
BYD Yuan Plus (Elétrico) Zero km,,,,BYD,Yuan Plus (Elétrico),Zero km,EV_PURO,2023-07,456700.000000,2026-05-12 00:40:11
BYD Yuan Plus (Elétrico) Zero km,,,,BYD,Yuan Plus (Elétrico),Zero km,EV_PURO,2023-08,446366.000000,2026-05-12 00:40:11
BYD Yuan Plus (Elétrico) Zero km,,,,BYD,Yuan Plus (Elétrico),Zero km,EV_PURO,2023-09,443609.000000,2026-05-12 00:40:11
BYD Yuan Plus (Elétrico) Zero km,,,,BYD,Yuan Plus (Elétrico),Zero km,EV_PURO,2023-10,440215.000000,2026-05-12 00:40:11
BYD Yuan Plus (Elétrico) Zero km,,,,BYD,Yuan Plus (Elétrico),Zero km,EV_PURO,2023-11,424807.000000,2026-05-12 00:40:11
BYD Yuan Plus (Elétrico) Zero km,,,,BYD,Yuan Plus (Elétrico),Zero km,EV_PURO,2024-03,423766.000000,2026-05-12 00:40:11
BYD Yuan Plus (Elétrico) Zero km,,,,BYD,Yuan Plus (Elétrico),Zero km,EV_PURO,2024-04,423681.000000,2026-05-12 00:40:11
BYD Yuan Plus (Elétrico) Zero km,,,,BYD,Yuan Plus (Elétrico),Zero km,EV_PURO,2024-05,408852.000000,2026-05-12 00:40:11
BYD Yuan Plus (Elétrico) Zero km,,,,BYD,Yuan Plus (Elétrico),Zero km,EV_PURO,2024-06,394542.000000,2026-05-12 00:40:11
BYD Yuan Plus (Elétrico) Zero km,,,,BYD,Yuan Plus (Elétrico),Zero km,EV_PURO,2024-08,368120.000000,2026-05-12 00:40:11
BYD Yuan Plus (Elétrico) Zero km,,,,BYD,Yuan Plus (Elétrico),Zero km,EV_PURO,2024-10,345916.000000,2026-05-12 00:40:11
BYD Yuan Plus (Elétrico) Zero km,,,,BYD,Yuan Plus (Elétrico),Zero km,EV_PURO,2024-11,336864.000000,2026-05-12 00:40:11
BYD Yuan Plus (Elétrico) Zero km,,,,BYD,Yuan Plus (Elétrico),Zero km,EV_PURO,2025-01,333375.000000,2026-05-12 00:40:11
BYD Yuan Plus (Elétrico) Zero km,,,,BYD,Yuan Plus (Elétrico),Zero km,EV_PURO,2025-02,343268.000000,2026-05-12 00:40:11
BYD Yuan Plus (Elétrico) Zero km,,,,BYD,Yuan Plus (Elétrico),Zero km,EV_PURO,2025-03,346767.000000,2026-05-12 00:40:11
BYD Yuan Plus (Elétrico) Zero km,,,,BYD,Yuan Plus (Elétrico),Zero km,EV_PURO,2025-04,334630.000000,2026-05-12 00:40:11
BYD Yuan Plus (Elétrico) Zero km,,,,BYD,Yuan Plus (Elétrico),Zero km,EV_PURO,2025-05,346342.000000,2026-05-12 00:40:11
BYD Yuan Plus (Elétrico) Zero km,,,,BYD,Yuan Plus (Elétrico),Zero km,EV_PURO,2025-08,325875.000000,2026-05-12 00:40:11
BYD Yuan Plus (Elétrico) Zero km,,,,BYD,Yuan Plus (Elétrico),Zero km,EV_PURO,2025-09,314469.000000,2026-05-12 00:40:11
BYD Yuan Plus (Elétrico) Zero km,,,,BYD,Yuan Plus (Elétrico),Zero km,EV_PURO,2025-11,292840.000000,2026-05-12 00:40:11
BYD Yuan Plus (Elétrico) Zero km,,,,BYD,Yuan Plus (Elétrico),Zero km,EV_PURO,2025-12,284725.000000,2026-05-12 00:40:11
BYD Yuan Plus (Elétrico) Zero km,,,,BYD,Yuan Plus (Elétrico),Zero km,EV_PURO,2026-01,274759.000000,2026-05-12 00:40:11
BYD Yuan Plus (Elétrico) Zero km,,,,BYD,Yuan Plus (Elétrico),Zero km,EV_PURO,2026-04,268488.000000,2026-05-12 00:40:11
BYD Yuan Plus (Elétrico) Zero km,,,,BYD,Yuan Plus (Elétrico),Zero km,EV_PURO,2026-05,263806.000000,2026-05-12 00:40:11
BYD Dolphin EV (Elétrico) Zero km,238,10813,32000-4,BYD,Dolphin EV (Elétrico),Zero km,EV_PURO,2023-09,141336.000000,2026-05-12 23:11:57
BYD Dolphin EV (Elétrico) Zero km,238,10813,32000-4,BYD,Dolphin EV (Elétrico),Zero km,EV_PURO,2023-10,141336.000000,2026-05-12 23:11:57
BYD Dolphin EV (Elétrico) Zero km,238,10813,32000-4,BYD,Dolphin EV (Elétrico),Zero km,EV_PURO,2023-11,145275.000000,2026-05-12 23:11:57
BYD Dolphin EV (Elétrico) Zero km,238,10813,32000-4,BYD,Dolphin EV (Elétrico),Zero km,EV_PURO,2023-12,142190.000000,2026-05-12 23:11:57
BYD Dolphin EV (Elétrico) Zero km,238,10813,32000-4,BYD,Dolphin EV (Elétrico),Zero km,EV_PURO,2024-01,144044.000000,2026-05-12 23:11:57
BYD Dolphin EV (Elétrico) Zero km,238,10813,32000-4,BYD,Dolphin EV (Elétrico),Zero km,EV_PURO,2024-02,140225.000000,2026-05-12 23:11:57
BYD Dolphin EV (Elétrico) Zero km,238,10813,32000-4,BYD,Dolphin EV (Elétrico),Zero km,EV_PURO,2024-03,141533.000000,2026-05-12 23:11:57
BYD Dolphin EV (Elétrico) Zero km,238,10813,32000-4,BYD,Dolphin EV (Elétrico),Zero km,EV_PURO,2024-04,141640.000000,2026-05-12 23:11:57
BYD Dolphin EV (Elétrico) Zero km,238,10813,32000-4,BYD,Dolphin EV (Elétrico),Zero km,EV_PURO,2024-05,136682.000000,2026-05-12 23:11:57
BYD Dolphin EV (Elétrico) Zero km,238,10813,32000-4,BYD,Dolphin EV (Elétrico),Zero km,EV_PURO,2024-06,136538.000000,2026-05-12 23:11:57
BYD Dolphin EV (Elétrico) Zero km,238,10813,32000-4,BYD,Dolphin EV (Elétrico),Zero km,EV_PURO,2024-07,134669.000000,2026-05-12 23:11:57
BYD Dolphin EV (Elétrico) Zero km,238,10813,32000-4,BYD,Dolphin EV (Elétrico),Zero km,EV_PURO,2024-08,131171.000000,2026-05-12 23:11:57
BYD Dolphin EV (Elétrico) Zero km,238,10813,32000-4,BYD,Dolphin EV (Elétrico),Zero km,EV_PURO,2024-09,127882.000000,2026-05-12 23:11:57
BYD Dolphin EV (Elétrico) Zero km,238,10813,32000-4,BYD,Dolphin EV (Elétrico),Zero km,EV_PURO,2024-10,130219.000000,2026-05-12 23:11:57
BYD Dolphin EV (Elétrico) Zero km,238,10813,32000-4,BYD,Dolphin EV (Elétrico),Zero km,EV_PURO,2024-11,129010.000000,2026-05-12 23:11:57
BYD Dolphin EV (Elétrico) Zero km,238,10813,32000-4,BYD,Dolphin EV (Elétrico),Zero km,EV_PURO,2024-12,127507.000000,2026-05-12 23:11:57
BYD Dolphin EV (Elétrico) Zero km,238,10813,32000-4,BYD,Dolphin EV (Elétrico),Zero km,EV_PURO,2025-01,128421.000000,2026-05-12 23:11:57
BYD Dolphin EV (Elétrico) Zero km,238,10813,32000-4,BYD,Dolphin EV (Elétrico),Zero km,EV_PURO,2025-02,128182.000000,2026-05-12 23:11:57
BYD Dolphin EV (Elétrico) Zero km,238,10813,32000-4,BYD,Dolphin EV (Elétrico),Zero km,EV_PURO,2025-03,127867.000000,2026-05-12 23:11:57
BYD Dolphin EV (Elétrico) Zero km,238,10813,32000-4,BYD,Dolphin EV (Elétrico),Zero km,EV_PURO,2025-04,127877.000000,2026-05-12 23:11:57
BYD Dolphin EV (Elétrico) Zero km,238,10813,32000-4,BYD,Dolphin EV (Elétrico),Zero km,EV_PURO,2025-05,127206.000000,2026-05-12 23:11:57
BYD Dolphin EV (Elétrico) Zero km,238,10813,32000-4,BYD,Dolphin EV (Elétrico),Zero km,EV_PURO,2025-06,124174.000000,2026-05-12 23:11:57
BYD Dolphin EV (Elétrico) Zero km,238,10813,32000-4,BYD,Dolphin EV (Elétrico),Zero km,EV_PURO,2025-07,126142.000000,2026-05-12 23:11:57
BYD Dolphin EV (Elétrico) Zero km,238,10813,32000-4,BYD,Dolphin EV (Elétrico),Zero km,EV_PURO,2025-08,124058.000000,2026-05-12 23:11:57
BYD Dolphin EV (Elétrico) Zero km,238,10813,32000-4,BYD,Dolphin EV (Elétrico),Zero km,EV_PURO,2025-09,123552.000000,2026-05-12 23:11:57
BYD Dolphin EV (Elétrico) Zero km,238,10813,32000-4,BYD,Dolphin EV (Elétrico),Zero km,EV_PURO,2025-10,118999.000000,2026-05-12 23:11:57
BYD Dolphin EV (Elétrico) Zero km,238,10813,32000-4,BYD,Dolphin EV (Elétrico),Zero km,EV_PURO,2025-11,116535.000000,2026-05-12 23:11:57
BYD Dolphin EV (Elétrico) Zero km,238,10813,32000-4,BYD,Dolphin EV (Elétrico),Zero km,EV_PURO,2025-12,116202.000000,2026-05-12 23:11:57
BYD Dolphin EV (Elétrico) Zero km,238,10813,32000-4,BYD,Dolphin EV (Elétrico),Zero km,EV_PURO,2026-01,117012.000000,2026-05-12 23:11:57
BYD Dolphin EV (Elétrico) 2025,238,10813,2025-4,BYD,Dolphin EV (Elétrico),2025,EV_PURO,2023-09,141336.000000,2026-05-12 23:12:24
BYD Dolphin EV (Elétrico) 2025,238,10813,2025-4,BYD,Dolphin EV (Elétrico),2025,EV_PURO,2023-10,141336.000000,2026-05-12 23:12:24
BYD Dolphin EV (Elétrico) 2025,238,10813,2025-4,BYD,Dolphin EV (Elétrico),2025,EV_PURO,2023-11,145275.000000,2026-05-12 23:12:24
BYD Dolphin EV (Elétrico) 2025,238,10813,2025-4,BYD,Dolphin EV (Elétrico),2025,EV_PURO,2023-12,142190.000000,2026-05-12 23:12:24
BYD Dolphin EV (Elétrico) 2025,238,10813,2025-4,BYD,Dolphin EV (Elétrico),2025,EV_PURO,2024-01,144044.000000,2026-05-12 23:12:24
BYD Dolphin EV (Elétrico) 2025,238,10813,2025-4,BYD,Dolphin EV (Elétrico),2025,EV_PURO,2024-02,140225.000000,2026-05-12 23:12:24
BYD Dolphin EV (Elétrico) 2025,238,10813,2025-4,BYD,Dolphin EV (Elétrico),2025,EV_PURO,2024-03,141533.000000,2026-05-12 23:12:24
BYD Dolphin EV (Elétrico) 2025,238,10813,2025-4,BYD,Dolphin EV (Elétrico),2025,EV_PURO,2024-04,141640.000000,2026-05-12 23:12:24
BYD Dolphin EV (Elétrico) 2025,238,10813,2025-4,BYD,Dolphin EV (Elétrico),2025,EV_PURO,2024-05,136682.000000,2026-05-12 23:12:24
BYD Dolphin EV (Elétrico) 2025,238,10813,2025-4,BYD,Dolphin EV (Elétrico),2025,EV_PURO,2024-06,136538.000000,2026-05-12 23:12:24
BYD Dolphin EV (Elétrico) 2025,238,10813,2025-4,BYD,Dolphin EV (Elétrico),2025,EV_PURO,2024-07,134669.000000,2026-05-12 23:12:24
BYD Dolphin EV (Elétrico) 2025,238,10813,2025-4,BYD,Dolphin EV (Elétrico),2025,EV_PURO,2024-08,131171.000000,2026-05-12 23:12:24
BYD Dolphin EV (Elétrico) 2025,238,10813,2025-4,BYD,Dolphin EV (Elétrico),2025,EV_PURO,2024-09,127882.000000,2026-05-12 23:12:24
BYD Dolphin EV (Elétrico) 2025,238,10813,2025-4,BYD,Dolphin EV (Elétrico),2025,EV_PURO,2024-10,130219.000000,2026-05-12 23:12:24
BYD Dolphin EV (Elétrico) 2025,238,10813,2025-4,BYD,Dolphin EV (Elétrico),2025,EV_PURO,2024-11,129010.000000,2026-05-12 23:12:24
BYD Dolphin EV (Elétrico) 2025,238,10813,2025-4,BYD,Dolphin EV (Elétrico),2025,EV_PURO,2024-12,127507.000000,2026-05-12 23:12:24
BYD Dolphin EV (Elétrico) 2025,238,10813,2025-4,BYD,Dolphin EV (Elétrico),2025,EV_PURO,2025-01,128421.000000,2026-05-12 23:12:24
BYD Dolphin EV (Elétrico) 2025,238,10813,2025-4,BYD,Dolphin EV (Elétrico),2025,EV_PURO,2025-02,128182.000000,2026-05-12 23:12:24
BYD Dolphin EV (Elétrico) 2025,238,10813,2025-4,BYD,Dolphin EV (Elétrico),2025,EV_PURO,2025-03,127867.000000,2026-05-12 23:12:24
BYD Dolphin EV (Elétrico) 2025,238,10813,2025-4,BYD,Dolphin EV (Elétrico),2025,EV_PURO,2025-04,127877.000000,2026-05-12 23:12:24
BYD Dolphin EV (Elétrico) 2025,238,10813,2025-4,BYD,Dolphin EV (Elétrico),2025,EV_PURO,2025-05,127206.000000,2026-05-12 23:12:24
BYD Dolphin EV (Elétrico) 2025,238,10813,2025-4,BYD,Dolphin EV (Elétrico),2025,EV_PURO,2025-06,124174.000000,2026-05-12 23:12:24
BYD Dolphin EV (Elétrico) 2025,238,10813,2025-4,BYD,Dolphin EV (Elétrico),2025,EV_PURO,2025-07,126142.000000,2026-05-12 23:12:24
BYD Dolphin EV (Elétrico) 2025,238,10813,2025-4,BYD,Dolphin EV (Elétrico),2025,EV_PURO,2025-08,124058.000000,2026-05-12 23:12:24
BYD Dolphin EV (Elétrico) 2025,238,10813,2025-4,BYD,Dolphin EV (Elétrico),2025,EV_PURO,2025-09,123552.000000,2026-05-12 23:12:24
BYD Dolphin EV (Elétrico) 2025,238,10813,2025-4,BYD,Dolphin EV (Elétrico),2025,EV_PURO,2025-10,118999.000000,2026-05-12 23:12:24
BYD Dolphin EV (Elétrico) 2025,238,10813,2025-4,BYD,Dolphin EV (Elétrico),2025,EV_PURO,2025-11,116535.000000,2026-05-12 23:12:24
BYD Dolphin EV (Elétrico) 2025,238,10813,2025-4,BYD,Dolphin EV (Elétrico),2025,EV_PURO,2025-12,116202.000000,2026-05-12 23:12:24
BYD Dolphin EV (Elétrico) 2025,238,10813,2025-4,BYD,Dolphin EV (Elétrico),2025,EV_PURO,2026-01,117012.000000,2026-05-12 23:12:24
BYD Dolphin EV (Elétrico) 2024,238,10813,2024-4,BYD,Dolphin EV (Elétrico),2024,EV_PURO,2023-09,141336.000000,2026-05-12 23:13:08
BYD Dolphin EV (Elétrico) 2024,238,10813,2024-4,BYD,Dolphin EV (Elétrico),2024,EV_PURO,2023-10,141336.000000,2026-05-12 23:13:08
BYD Dolphin EV (Elétrico) 2024,238,10813,2024-4,BYD,Dolphin EV (Elétrico),2024,EV_PURO,2023-11,145275.000000,2026-05-12 23:13:08
BYD Dolphin EV (Elétrico) 2024,238,10813,2024-4,BYD,Dolphin EV (Elétrico),2024,EV_PURO,2023-12,142190.000000,2026-05-12 23:13:08
BYD Dolphin EV (Elétrico) 2024,238,10813,2024-4,BYD,Dolphin EV (Elétrico),2024,EV_PURO,2024-01,144044.000000,2026-05-12 23:13:08
BYD Dolphin EV (Elétrico) 2024,238,10813,2024-4,BYD,Dolphin EV (Elétrico),2024,EV_PURO,2024-02,140225.000000,2026-05-12 23:13:08
BYD Dolphin EV (Elétrico) 2024,238,10813,2024-4,BYD,Dolphin EV (Elétrico),2024,EV_PURO,2024-03,141533.000000,2026-05-12 23:13:08
BYD Dolphin EV (Elétrico) 2024,238,10813,2024-4,BYD,Dolphin EV (Elétrico),2024,EV_PURO,2024-04,141640.000000,2026-05-12 23:13:08
BYD Dolphin EV (Elétrico) 2024,238,10813,2024-4,BYD,Dolphin EV (Elétrico),2024,EV_PURO,2024-05,136682.000000,2026-05-12 23:13:08
BYD Dolphin EV (Elétrico) 2024,238,10813,2024-4,BYD,Dolphin EV (Elétrico),2024,EV_PURO,2024-06,136538.000000,2026-05-12 23:13:08
BYD Dolphin EV (Elétrico) 2024,238,10813,2024-4,BYD,Dolphin EV (Elétrico),2024,EV_PURO,2024-07,134669.000000,2026-05-12 23:13:08
BYD Dolphin EV (Elétrico) 2024,238,10813,2024-4,BYD,Dolphin EV (Elétrico),2024,EV_PURO,2024-08,131171.000000,2026-05-12 23:13:08
BYD Dolphin EV (Elétrico) 2024,238,10813,2024-4,BYD,Dolphin EV (Elétrico),2024,EV_PURO,2024-09,127882.000000,2026-05-12 23:13:08
BYD Dolphin EV (Elétrico) 2024,238,10813,2024-4,BYD,Dolphin EV (Elétrico),2024,EV_PURO,2024-10,130219.000000,2026-05-12 23:13:08
BYD Dolphin EV (Elétrico) 2024,238,10813,2024-4,BYD,Dolphin EV (Elétrico),2024,EV_PURO,2024-11,129010.000000,2026-05-12 23:13:08
BYD Dolphin EV (Elétrico) 2024,238,10813,2024-4,BYD,Dolphin EV (Elétrico),2024,EV_PURO,2024-12,127507.000000,2026-05-12 23:13:08
BYD Dolphin EV (Elétrico) 2024,238,10813,2024-4,BYD,Dolphin EV (Elétrico),2024,EV_PURO,2025-01,128421.000000,2026-05-12 23:13:08
BYD Dolphin EV (Elétrico) 2024,238,10813,2024-4,BYD,Dolphin EV (Elétrico),2024,EV_PURO,2025-02,128182.000000,2026-05-12 23:13:08
BYD Dolphin EV (Elétrico) 2024,238,10813,2024-4,BYD,Dolphin EV (Elétrico),2024,EV_PURO,2025-03,127867.000000,2026-05-12 23:13:08
BYD Dolphin EV (Elétrico) 2024,238,10813,2024-4,BYD,Dolphin EV (Elétrico),2024,EV_PURO,2025-04,127877.000000,2026-05-12 23:13:08
BYD Dolphin EV (Elétrico) 2024,238,10813,2024-4,BYD,Dolphin EV (Elétrico),2024,EV_PURO,2025-05,127206.000000,2026-05-12 23:13:08
BYD Dolphin EV (Elétrico) 2024,238,10813,2024-4,BYD,Dolphin EV (Elétrico),2024,EV_PURO,2025-06,124174.000000,2026-05-12 23:13:08
BYD Dolphin EV (Elétrico) 2024,238,10813,2024-4,BYD,Dolphin EV (Elétrico),2024,EV_PURO,2025-07,126142.000000,2026-05-12 23:13:08
BYD Dolphin EV (Elétrico) 2024,238,10813,2024-4,BYD,Dolphin EV (Elétrico),2024,EV_PURO,2025-08,124058.000000,2026-05-12 23:13:08
BYD Dolphin EV (Elétrico) 2024,238,10813,2024-4,BYD,Dolphin EV (Elétrico),2024,EV_PURO,2025-09,123552.000000,2026-05-12 23:13:08
BYD Dolphin EV (Elétrico) 2024,238,10813,2024-4,BYD,Dolphin EV (Elétrico),2024,EV_PURO,2025-10,118999.000000,2026-05-12 23:13:08
BYD Dolphin EV (Elétrico) 2024,238,10813,2024-4,BYD,Dolphin EV (Elétrico),2024,EV_PURO,2025-11,116535.000000,2026-05-12 23:13:08
BYD Dolphin EV (Elétrico) 2024,238,10813,2024-4,BYD,Dolphin EV (Elétrico),2024,EV_PURO,2025-12,116202.000000,2026-05-12 23:13:08
BYD Dolphin EV (Elétrico) 2024,238,10813,2024-4,BYD,Dolphin EV (Elétrico),2024,EV_PURO,2026-01,117012.000000,2026-05-12 23:13:08
BYD Seal (Elétrico) Zero km,238,10833,32000-4,BYD,Seal (Elétrico),Zero km,EV_PURO,2023-09,281668.000000,2026-05-12 23:19:29
BYD Seal (Elétrico) Zero km,238,10833,32000-4,BYD,Seal (Elétrico),Zero km,EV_PURO,2023-10,281668.000000,2026-05-12 23:19:29
BYD Seal (Elétrico) Zero km,238,10833,32000-4,BYD,Seal (Elétrico),Zero km,EV_PURO,2023-11,280400.000000,2026-05-12 23:19:29
BYD Seal (Elétrico) Zero km,238,10833,32000-4,BYD,Seal (Elétrico),Zero km,EV_PURO,2023-12,279222.000000,2026-05-12 23:19:29
BYD Seal (Elétrico) Zero km,238,10833,32000-4,BYD,Seal (Elétrico),Zero km,EV_PURO,2024-01,278607.000000,2026-05-12 23:19:29
BYD Seal (Elétrico) Zero km,238,10833,32000-4,BYD,Seal (Elétrico),Zero km,EV_PURO,2024-02,287292.000000,2026-05-12 23:19:29
BYD Seal (Elétrico) Zero km,238,10833,32000-4,BYD,Seal (Elétrico),Zero km,EV_PURO,2024-03,286477.000000,2026-05-12 23:19:29
BYD Seal (Elétrico) Zero km,238,10833,32000-4,BYD,Seal (Elétrico),Zero km,EV_PURO,2024-04,276450.000000,2026-05-12 23:19:29
BYD Seal (Elétrico) Zero km,238,10833,32000-4,BYD,Seal (Elétrico),Zero km,EV_PURO,2024-05,274719.000000,2026-05-12 23:19:29
BYD Seal (Elétrico) Zero km,238,10833,32000-4,BYD,Seal (Elétrico),Zero km,EV_PURO,2024-06,274015.000000,2026-05-12 23:19:29
BYD Seal (Elétrico) Zero km,238,10833,32000-4,BYD,Seal (Elétrico),Zero km,EV_PURO,2025-07,227598.000000,2026-05-12 23:19:29
BYD Seal (Elétrico) Zero km,238,10833,32000-4,BYD,Seal (Elétrico),Zero km,EV_PURO,2025-08,222683.000000,2026-05-12 23:19:29
BYD Seal (Elétrico) Zero km,238,10833,32000-4,BYD,Seal (Elétrico),Zero km,EV_PURO,2025-09,219555.000000,2026-05-12 23:19:29
BYD Seal (Elétrico) Zero km,238,10833,32000-4,BYD,Seal (Elétrico),Zero km,EV_PURO,2025-10,215059.000000,2026-05-12 23:19:29
BYD Seal (Elétrico) Zero km,238,10833,32000-4,BYD,Seal (Elétrico),Zero km,EV_PURO,2025-11,215512.000000,2026-05-12 23:19:29
BYD Seal (Elétrico) Zero km,238,10833,32000-4,BYD,Seal (Elétrico),Zero km,EV_PURO,2025-12,212460.000000,2026-05-12 23:19:29
BYD Seal (Elétrico) Zero km,238,10833,32000-4,BYD,Seal (Elétrico),Zero km,EV_PURO,2026-01,210299.000000,2026-05-12 23:19:29
BYD Seal (Elétrico) Zero km,238,10833,32000-4,BYD,Seal (Elétrico),Zero km,EV_PURO,2026-02,209598.000000,2026-05-12 23:19:29
BYD Seal (Elétrico) Zero km,238,10833,32000-4,BYD,Seal (Elétrico),Zero km,EV_PURO,2026-03,205823.000000,2026-05-12 23:19:29
BYD Seal (Elétrico) Zero km,238,10833,32000-4,BYD,Seal (Elétrico),Zero km,EV_PURO,2026-04,204568.000000,2026-05-12 23:19:29
BYD Seal (Elétrico) Zero km,238,10833,32000-4,BYD,Seal (Elétrico),Zero km,EV_PURO,2026-05,205742.000000,2026-05-12 23:19:29
BYD Dolphin Mini (Elétrico) Zero km,238,10986,32000-4,BYD,Dolphin Mini (Elétrico),Zero km,EV_PURO,2023-09,141336.000000,2026-05-12 23:24:25
BYD Dolphin Mini (Elétrico) Zero km,238,10986,32000-4,BYD,Dolphin Mini (Elétrico),Zero km,EV_PURO,2023-10,141336.000000,2026-05-12 23:24:25
BYD Dolphin Mini (Elétrico) Zero km,238,10986,32000-4,BYD,Dolphin Mini (Elétrico),Zero km,EV_PURO,2023-11,145275.000000,2026-05-12 23:24:25
BYD Dolphin Mini (Elétrico) Zero km,238,10986,32000-4,BYD,Dolphin Mini (Elétrico),Zero km,EV_PURO,2023-12,142190.000000,2026-05-12 23:24:25
BYD Dolphin Mini (Elétrico) Zero km,238,10986,32000-4,BYD,Dolphin Mini (Elétrico),Zero km,EV_PURO,2024-01,144044.000000,2026-05-12 23:24:25
BYD Dolphin Mini (Elétrico) Zero km,238,10986,32000-4,BYD,Dolphin Mini (Elétrico),Zero km,EV_PURO,2024-02,140225.000000,2026-05-12 23:24:25
BYD Dolphin Mini (Elétrico) Zero km,238,10986,32000-4,BYD,Dolphin Mini (Elétrico),Zero km,EV_PURO,2024-03,141533.000000,2026-05-12 23:24:25
BYD Dolphin Mini (Elétrico) Zero km,238,10986,32000-4,BYD,Dolphin Mini (Elétrico),Zero km,EV_PURO,2024-04,141640.000000,2026-05-12 23:24:25
BYD Dolphin Mini (Elétrico) Zero km,238,10986,32000-4,BYD,Dolphin Mini (Elétrico),Zero km,EV_PURO,2024-05,136682.000000,2026-05-12 23:24:25
BYD Dolphin Mini (Elétrico) Zero km,238,10986,32000-4,BYD,Dolphin Mini (Elétrico),Zero km,EV_PURO,2024-06,136538.000000,2026-05-12 23:24:25
BYD Dolphin Mini (Elétrico) Zero km,238,10986,32000-4,BYD,Dolphin Mini (Elétrico),Zero km,EV_PURO,2025-03,127867.000000,2026-05-12 23:24:25
BYD Dolphin Mini (Elétrico) Zero km,238,10986,32000-4,BYD,Dolphin Mini (Elétrico),Zero km,EV_PURO,2025-06,124174.000000,2026-05-12 23:24:25
BYD Dolphin Mini (Elétrico) Zero km,238,10986,32000-4,BYD,Dolphin Mini (Elétrico),Zero km,EV_PURO,2025-07,126142.000000,2026-05-12 23:24:25
BYD Dolphin Mini (Elétrico) Zero km,238,10986,32000-4,BYD,Dolphin Mini (Elétrico),Zero km,EV_PURO,2025-09,123552.000000,2026-05-12 23:24:25
BYD Dolphin Mini (Elétrico) Zero km,238,10986,32000-4,BYD,Dolphin Mini (Elétrico),Zero km,EV_PURO,2025-10,118999.000000,2026-05-12 23:24:25
BYD Dolphin Mini (Elétrico) Zero km,238,10986,32000-4,BYD,Dolphin Mini (Elétrico),Zero km,EV_PURO,2026-01,117012.000000,2026-05-12 23:24:25
BYD Dolphin Mini (Elétrico) Zero km,238,10986,32000-4,BYD,Dolphin Mini (Elétrico),Zero km,EV_PURO,2026-02,117954.000000,2026-05-12 23:24:25
BYD Dolphin Mini (Elétrico) Zero km,238,10986,32000-4,BYD,Dolphin Mini (Elétrico),Zero km,EV_PURO,2026-03,117769.000000,2026-05-12 23:24:25
BYD Dolphin Mini (Elétrico) Zero km,238,10986,32000-4,BYD,Dolphin Mini (Elétrico),Zero km,EV_PURO,2026-04,116910.000000,2026-05-12 23:24:25
BYD Dolphin Mini (Elétrico) Zero km,238,10986,32000-4,BYD,Dolphin Mini (Elétrico),Zero km,EV_PURO,2026-05,117410.000000,2026-05-12 23:24:25
BYD Han EV (Elétrico) Zero km,238,9860,32000-4,BYD,Han EV  (Elétrico),Zero km,EV_PURO,2022-03,460454.000000,2026-05-12 23:26:47
BYD Han EV (Elétrico) Zero km,238,9860,32000-4,BYD,Han EV  (Elétrico),Zero km,EV_PURO,2022-04,460454.000000,2026-05-12 23:26:47
BYD Han EV (Elétrico) Zero km,238,9860,32000-4,BYD,Han EV  (Elétrico),Zero km,EV_PURO,2022-05,481928.000000,2026-05-12 23:26:47
BYD Han EV (Elétrico) Zero km,238,9860,32000-4,BYD,Han EV  (Elétrico),Zero km,EV_PURO,2022-06,485783.000000,2026-05-12 23:26:47
BYD Han EV (Elétrico) Zero km,238,9860,32000-4,BYD,Han EV  (Elétrico),Zero km,EV_PURO,2022-07,457121.000000,2026-05-12 23:26:47
BYD Han EV (Elétrico) Zero km,238,9860,32000-4,BYD,Han EV  (Elétrico),Zero km,EV_PURO,2022-08,443864.000000,2026-05-12 23:26:47
BYD Han EV (Elétrico) Zero km,238,9860,32000-4,BYD,Han EV  (Elétrico),Zero km,EV_PURO,2022-09,443553.000000,2026-05-12 23:26:47
BYD Han EV (Elétrico) Zero km,238,9860,32000-4,BYD,Han EV  (Elétrico),Zero km,EV_PURO,2022-10,442887.000000,2026-05-12 23:26:47
BYD Han EV (Elétrico) Zero km,238,9860,32000-4,BYD,Han EV  (Elétrico),Zero km,EV_PURO,2022-11,442089.000000,2026-05-12 23:26:47
BYD Han EV (Elétrico) Zero km,238,9860,32000-4,BYD,Han EV  (Elétrico),Zero km,EV_PURO,2022-12,435562.000000,2026-05-12 23:26:47
BYD Han EV (Elétrico) Zero km,238,9860,32000-4,BYD,Han EV  (Elétrico),Zero km,EV_PURO,2023-01,450806.000000,2026-05-12 23:26:47
BYD Han EV (Elétrico) Zero km,238,9860,32000-4,BYD,Han EV  (Elétrico),Zero km,EV_PURO,2023-02,450445.000000,2026-05-12 23:26:47
BYD Han EV (Elétrico) Zero km,238,9860,32000-4,BYD,Han EV  (Elétrico),Zero km,EV_PURO,2023-03,442548.000000,2026-05-12 23:26:47
BYD Han EV (Elétrico) Zero km,238,9860,32000-4,BYD,Han EV  (Elétrico),Zero km,EV_PURO,2023-04,447854.000000,2026-05-12 23:26:47
BYD Han EV (Elétrico) Zero km,238,9860,32000-4,BYD,Han EV  (Elétrico),Zero km,EV_PURO,2023-05,432179.000000,2026-05-12 23:26:47
BYD Han EV (Elétrico) Zero km,238,9860,32000-4,BYD,Han EV  (Elétrico),Zero km,EV_PURO,2023-06,447305.000000,2026-05-12 23:26:47
BYD Han EV (Elétrico) Zero km,238,9860,32000-4,BYD,Han EV  (Elétrico),Zero km,EV_PURO,2025-01,319936.000000,2026-05-12 23:26:47
BYD Han EV (Elétrico) Zero km,238,9860,32000-4,BYD,Han EV  (Elétrico),Zero km,EV_PURO,2025-02,309687.000000,2026-05-12 23:26:47
BYD Han EV (Elétrico) Zero km,238,9860,32000-4,BYD,Han EV  (Elétrico),Zero km,EV_PURO,2025-04,297796.000000,2026-05-12 23:26:47
BYD Han EV (Elétrico) Zero km,238,9860,32000-4,BYD,Han EV  (Elétrico),Zero km,EV_PURO,2025-05,303987.000000,2026-05-12 23:26:47
BYD Han EV (Elétrico) Zero km,238,9860,32000-4,BYD,Han EV  (Elétrico),Zero km,EV_PURO,2025-06,293347.000000,2026-05-12 23:26:47
BYD Han EV (Elétrico) Zero km,238,9860,32000-4,BYD,Han EV  (Elétrico),Zero km,EV_PURO,2025-07,298193.000000,2026-05-12 23:26:47
BYD Han EV (Elétrico) Zero km,238,9860,32000-4,BYD,Han EV  (Elétrico),Zero km,EV_PURO,2025-08,287756.000000,2026-05-12 23:26:47
BYD Han EV (Elétrico) Zero km,238,9860,32000-4,BYD,Han EV  (Elétrico),Zero km,EV_PURO,2025-10,274938.000000,2026-05-12 23:26:47
BYD Han EV (Elétrico) Zero km,238,9860,32000-4,BYD,Han EV  (Elétrico),Zero km,EV_PURO,2025-11,265985.000000,2026-05-12 23:26:47
BYD Han EV (Elétrico) Zero km,238,9860,32000-4,BYD,Han EV  (Elétrico),Zero km,EV_PURO,2025-12,256675.000000,2026-05-12 23:26:47
BYD Han EV (Elétrico) Zero km,238,9860,32000-4,BYD,Han EV  (Elétrico),Zero km,EV_PURO,2026-01,254434.000000,2026-05-12 23:26:47
BYD Han EV (Elétrico) Zero km,238,9860,32000-4,BYD,Han EV  (Elétrico),Zero km,EV_PURO,2026-02,244051.000000,2026-05-12 23:26:47
BYD Han EV (Elétrico) Zero km,238,9860,32000-4,BYD,Han EV  (Elétrico),Zero km,EV_PURO,2026-03,239676.000000,2026-05-12 23:26:47
BYD Han EV (Elétrico) Zero km,238,9860,32000-4,BYD,Han EV  (Elétrico),Zero km,EV_PURO,2026-04,242497.000000,2026-05-12 23:26:47
